nome,genero
Aabaj,M
Aadi,M
Aaditi,F
Aaditya,M
Aagambir,M
Aagya,F
Aahana,F
Aahan,M
Aahil,M
Aaish,F
Aakarshan,M
Aakriti,F
Aalia,F
Aaliya,F
Aaliyah,F
Aalyiah,F
Aamna,F
Aankit,M
Aaradhya,F
Aarav,M
Aaravpreet,M
Aarayna,F
Aarica,F
Aariyana,F
Aarnav,M
Aarohi,F
Aarón,M
Aaron,M
AAron,M
Aarón,M
Aarya,F
Aaryan,M
Aaryesha,F
Aasaal,M
Aashvi,F
Aatika,F
Aavani,F
Aayam,M
Aayan,M
Aayansh,M
Aayun,M
Aayushi,F
Aayush,M
Abbie,F
Abby,F
Ábda,F
Abdallah,M
Abdalmuhaymin,M
Abdellah,M
Abdel,M
Abdelrahman,M
Abderrahmane,M
Abdoulaye,M
Abdoul,M
Abdrahman,M
Abducadre,M
Abdulai,M
Abdulaí,M
Abdullah,M
Abdul,M
Abdulmuiz,M
Abdulrahman,M
Abdulwahab,M
Abdú,M
Abduramane,M
Abdurauf,M
Abdurrahim,M
Abeedha,F
Abeeha,F
Abel,M
Abhayjit,M
Abhinav,M
Abhinaya,F
Abhineet,F
Abhinoor,M
Abhiyan,M
Abhyudaya,M
Abigael,F
Abigail,F
Abijot,M
Abilash,M
Abílio,M
Abilio,M
Abílio,M
Abimaela,F
Abimael,M
Abinara,F
Abinsha,F
Abiral,M
Abir,M
Abner,M
Aboubacar,M
Aboubakar,M
Abou,M
Abraão,M
Abraão,M
Abraham,M
Abraim,M
Abrão,M
Abrão,M
Abrar,M
Abrayene,F
Abril,F
Abrish,F
Absalão,M
Absalão,M
Abubacar,M
Abubakarr,M
Abudulai,M
Acácia,F
Acácio,M
Acácio,M
Acakarein,F
Acapone,M
Achia,F
Achilla,F
Achut,M
Acricia,F
Açucena,F
Açucena,F
Ada,F
Adair,M
Adalberto,M
Adalbmira,F
Adalgiza,F
Adama,F
Adama,M
Adame,M
Adam,M
Adan,F
Adanna,F
Adão,M
Adão,M
Adarsh,M
Adassa,F
Adaylton,M
Adchaeiny,F
Addis,F
Addison,M
Áddison,M
Adeep,M
Adelaide,F
Adele,F
Adélia,F
Adélia,F
Adelina,F
Adelindo,M
Adelin,M
Adelino,M
Adélio,M
Adelle,F
Adelmiro,M
Adelsan,M
Adelson,M
Adelvia,F
Adely,F
Adelyna,F
Ademir,M
Adem,M
Adenay,M
Adenilson,M
Aden,M
Adérito,M
Áder,M
Adiel,M
Adifaah,F
Adija,F
Adília,F
Adil,M
Adilson,M
Ãdi,M
Adira,F
Adirson,M
Aditi,F
Adit,M
Adja,F
Adjassi,M
Adje,F
Adla,F
Admilson,M
Admin,F
Adnal,M
Adnav,M
Adner,M
Adney,M
Adolfo,M
Adonai,M
Adonay,M
Adonia,F
Adonias,M
Adoniel,M
Adónis,M
Adónis,M
Adriaan,M
Adriana,F
Adriane,F
Adrián,M
Adrian,M
Adrián,M
Adriano,M
Adriela,F
Adriele,F
Adriella,F
Adrielle,F
Adrielly,F
Adriel,M
Ádrien,M
Adrien,M
Adrilld,M
Adryan,M
Adryán,M
Adryel,M
Adulsalami,M
Adwait,M
Adyan,M
Adyenne,F
Ady,M
Adymara,F
Aécio,M
Aécio,M
Aedan,M
Aedécio,M
Aegison,M
Afaf,F
Afeef,M
Afidjo,M
Afnan,M
Afonsa,F
Afonsina,F
Afonso,F
Afonso,M
Afraz,M
Afreen,F
Áfrika,F
Aftab,M
Agamjot,M
Agam,M
Agampreet,M
Agandeep,M
Ágata,F
Ágata,F
Agatângelo,M
Ágatha,F
Agatha,F
Ághata,F
Aglaya,F
Agnelo,M
Ágnes-Dorottya,F
Agnes,F
Agneta,F
Agneya,F
Agnia,F
Agostinho,M
Agrata,F
Agrim,M
Águeda,F
Aguinalda,F
Agustina,F
Ahhad,M
Ahmad,M
Ahmadou,M
Ahmed,M
Ahnaf,M
Ahren,M
Ahsan,M
Ahyaan,M
Aiã,M
Aicha,F
Aïda,F
Aida,F
Aidan,M
Aiden,M
Aidin,F
Aíko,F
Ailina,F
Ailinne,F
Ailla,F
Ailton,M
Aiman,M
Aimara,F
Aimar,M
Aimee,F
Aimeé,F
Aina,F
Ainara,F
Aine,F
Ainhoa,F
Aini,F
Ainny,F
Ainoa,F
Ainoah,F
Aira,F
Airam,F
Aircia,F
Aires,M
Airton,M
Aisha,F
Aísha,F
Aishwarya,F
Aisosa,M
Aissa,F
Aïssa,M
Aissatá,F
Aissato,F
Aissatou,F
Aissatu,F
Aissatú,F
Aitana,F
Aixa,F
Aiyane,F
Aiza,F
Aizah,F
Aizen,M
Aizimara,F
Ajit,M
Akeelah,F
Akemi,M
Akhmad,M
Akhrorov,M
Akilah,F
Akin,M
Akira,F
Aksel,M
Akshit,M
Aksinia,F
Akurin,M
Akyra,F
Aladje,M
Alafair,F
Alage,M
Alaia,F
Alaíde,F
Alaina,F
Alaine,F
Alain,M
Alana,F
Alania,F
Alanis,F
Alan,M
Álan,M
Alanna,F
Alannah,F
Alanya,F
Alão,M
Alarick,M
Alasdair,M
Alassana,M
Alassane,M
Alaziana,F
Alba,F
Albano,M
Albena,F
Alberta,F
Albertina,F
Albertini,M
Albert,M
Alberto,M
Albertson,M
Albino,M
Alcassimo,M
Alceu,M
Alciany,F
Alcides,M
Alcidia,F
Alcilane,F
Alcimia,F
Alcindo,M
Alcine,F
Alcino,M
Alcíone,F
Alcione,F
Álcya,F
Alda,F
Aldaísa,F
Aldana,F
Aldara,F
Alden,M
Aldina,F
Aldiouma,M
Aldo,M
Alécia,F
Aleck,M
Alec,M
Alecsander,M
Aleena,F
Aleesha,F
Alehandra,F
Aleisa,F
Alejandra,F
Alejandro,M
Aleksandar,M
Aleksander,M
Aleksandra,F
Aleksandr,M
Aleksey,M
Aleksia,F
Aleks,M
Alena,F
Áleph,M
Alesandro,M
Alesha,F
Alesia,F
Alésia,F
Alessa,F
Alessandra,F
Alessandro,M
Alessia,F
Aléssia,F
Alessio,M
Aléssio,M
Alexa,F
Alexander,M
Alexandra,F
Alexandre,M
Alexandrina,F
Alexandrino,M
Alexandr,M
Alexandro,M
Alexandros,M
Alexandru,M
Alexanne,F
Alexei,M
Alexey,M
Aléxia,F
Alexia,F
Aléxia,F
Aléxio,M
Aléxio,M
Aléxis,F
Alexis,F
Aléxis,F
Aléxis,M
Alexis,M
Aléxis,M
Alex,M
Álex,M
Alexsander,M
Alexsandr,M
Alexsandro,M
Alexs,M
Alexson,M
Alexya,F
Aleyson,M
Alfa,M
Alfatihah,F
Alfee,M
Alfie,M
Alfonso,M
Alfredinho,M
Alfred,M
Alfredo,M
Alhasana,M
Alhasan,M
Alhona,F
Alia,F
Ália,F
Aliah,F
Aliana,F
Aliane,F
Aliara,F
Alibek,M
Aliça,F
Aliça,F
Alice,F
Alícia,F
Alicia,F
Alícia,F
Aliciana,F
Aliciane,F
Alicya,F
Aliéne,F
Alifiyah,F
Alika,F
Alikhan,M
Ali,M
Alimatu,F
Alina,F
Aline,F
Alin,M
Alinne,F
Aliny,F
Alípio,M
Alírio,M
Alisa,F
Alise,F
Alis,F
Alisha,F
Alisia,F
Alisiya,F
Álison,F
Alison,M
Álison,M
Alissa,F
Alissia,F
Alitaah,F
Aliu,M
Alix,F
Aliya,F
Aliyah,F
Aliyan,M
Aliyha,F
Aliyya,F
Aliza,F
Alizay,F
Aljahzye,F
Aljosa,M
Allana,F
Allan,M
Állan,M
Allegra,F
Allen,M
Allet,F
Allex,M
All,F
Allia,F
Allice,F
Allicy,F
Alliyah,F
Allyson,M
Alma,F
Almedina,F
Almerinda,F
Almério,M
Almir,M
Almiro,M
Aloísio,M
Aloísio,M
Aloïs,M
Alonso,M
Alpha,M
Alp,M
Alseny,M
Alsusy,F
Altay,M
Altino,M
Aluiny,F
Alva,F
Alvarino,M
Álvaro,M
Alvaro,M
Álvaro,M
Alvim,M
Alvina,F
Alvin,M
Alvis,M
Alwin,M
Alya,F
Alyah,F
Alyanna,F
Alyara,F
Alycce,F
Alycia,F
Alyha,F
Aly,M
Alyne,F
Alyona,F
Alyra,F
Alyse,F
Alysha,F
Alyssa,F
Alzira,F
Amadea,F
Amadeo,M
Amadeu,M
Amadi,M
Amador,M
Amadou,M
Amadu,M
Amaia,F
Amaiyah,F
Amal,F
Amália,F
Amalia,F
Amália,F
Amancai,F
Amâncio,M
Amanda,F
Amandeed,F
Amândio,M
Amândio,M
Amandla,F
Aman,M
Amarachi,F
Amara,F
Amarílys,F
Amaris,F
Amar,M
Amaro,M
Amary,M
Âmbar,F
Amber,F
Ambina,F
Ambre,F
Amedeo,M
Amélia,F
Amelia,F
Amélia,F
Amélie,F
Amelie,F
Amélie,F
América,F
Américo,M
Américo,M
Amiela,F
Amiel,M
Ami,F
Amílcar,M
Amilcar,M
Amílcar,M
Aminadabe,F
Amina,F
Áminah,F
Aminata,F
Amin,M
Amira,F
Amirah,F
Amir,M
Amirxon,M
Amissette,F
Ammar,M
Amna,F
Amnah,F
Amoljot,M
Amora,F
Amritjot,F
Amrit,M
Amritveer,F
Amy,F
Anabela,F
Anabel,F
Anabia,F
Anaela,F
Anael,F
Anaelle,F
Anael,M
Ana,F
Anagila,F
Anaíce,F
Anair,F
Anaísa,F
Anaisa,F
Anaísa,F
Anaise,F
Anaís,F
Anais,F
Anaís,F
Anaïs,F
Anaïsse,F
Anaíss,F
Anaíze,F
Ana-Jane,F
Analina,F
Analúcia,F
Analu,F
Analú,F
Anamar,F
Anamaria,F
Anam,F
Anami,F
Ananda,F
Ananias,M
Anantveer,M
Ananya,F
Anas,M
Anass,M
Anastácia,F
Anastacia,F
Anastácia,F
Anastácio,M
Anastásia,F
Anastasia,F
Anastasiia,F
Anastasija,F
Anastasiya,F
Anastassia,F
Anastazja,F
Anatol,M
Anatoly,M
Anavi,F
Anaya,F
Anayah,F
Andersa,F
Anderson,M
Andgelo,M
Andoni,M
Andrada,F
Andra-Delia,F
Andra,F
Andra-Ioana,F
Andras,M
Andrea,F
Andreajacint,F
Andrea,M
Andreas,M
Andreea,F
Andreia,F
Andrei,M
Andreína,F
Andreína,F
Andre,M
André,M
André,M
Andreo,M
Andresa,F
Andres,M
Andrés,M
Ándressa,F
Andressa,F
Andrew,M
Andrey,M
Ândria,F
Andria,M
Andriana,F
Andriel,M
Andries,M
Andrii,M
Andriy,M
Andrs,M
Ândrya,F
Andy,F
Andy,M
Aneide,F
Anelia,F
Anércia,F
Aneta,F
Ângela,F
Angela,F
Ângela,F
Angelena,F
Angel,F
Angélica,F
Angélica,F
Angelic,F
Angélico,M
Angélico,M
Angélika,F
Angelika,F
Angelina,F
Angeline,F
Angelini,F
Angelino,M
Angeljeet,F
Angeljot,F
Àngel,M
Angel,M
Ángel,M
Ângelo,M
Angelo,M
Ângelo,M
Anghelina,F
Ânghel,M
Angie,F
Angilina,F
Anglina,F
Anhsirk,M
Ânia,F
Ania,F
Ânia,F
Aniana,F
Aniara,F
Aníbal,M
Aníbal,M
Anicete,M
Anícia,F
Aniella,F
Aniel,M
Aniery,F
Ani,F
Anika,F
Anik,F
Anilker,M
Anilson,M
Anílton,M
Anilton,M
Anira,F
Anisa,F
Anise,F
Anísia,F
Anisia,F
Anísio,M
Anis,M
Anita,F
Aniya,F
Aniyah,F
Anka,F
Ankit,M
An,M
Anmol,M
Annabelle,F
Anna-Carolina,F
Annael,F
Anna,F
Annaluz,F
Annaysa,F
Anne,F
Annelie,F
Anneliese,F
Annelise,F
Annelys,F
Annick,F
Annie,F
Anni,F
Annye-Keller,F
Anny,F
Anoek,F
Anouk,F
Anqi,F
Anran,M
Ansa,F
Ansel,M
Anselmo,M
Anshdeep,M
Antero,M
Anthony,M
Antoine,M
Antonela,F
Antonella,F
Antónia,F
Antonia,F
Antónia,F
Antoniella,F
Antonieta,F
Antonina,F
Antonin,M
Antonino,M
António,M
Antonio,M
António,M
Antônio,M
Antón,M
Anton,M
Antonya,F
Antony,M
Anuque,F
Anuradha,F
Anureet,F
Anurroi,F
Anusca,F
Anusrita,F
Anval,M
Anya,F
Anyara,F
Anyer,M
Anyfá,M
Anyi,F
Anylson,M
Anyra,F
Apani,F
Apollo,M
Apolo,M
April,F
Aprilia,F
Aqeela,F
Aqsa,F
Áquila,F
Aquila,F
Aquiles,M
Aquilina,F
Arabela,F
Aracely,F
Aradhya,F
Arad,M
Ara,F
Arafah,F
Aragon,M
Aramis,M
Aram,M
Arav,M
Arbin,M
Arcanjo,M
Archel,F
Archie,M
Aretta,F
Argentina,F
Arham,M
Ariadna,F
Ariadne,F
Ariadnne,F
Aria,F
Ária,F
Ariana,F
Ariane,F
Arian,M
Arianna,F
Arianne,F
Ariany,F
Arícia,F
Ariclenes,M
Ariela,F
Ariele,F
Ariel,F
Arieli,F
Ariella,F
Arielly,F
Ariel,M
Ariely,F
Arieny,F
Arif,M
Ariful,M
Arik,M
Ari,M
Arima,F
Arina,F
Arin,M
Arione,F
Arion,M
Arisha,F
Arissa,F
Aristides,M
Arius,M
Ariyo,M
Arjun,M
Arkadii,M
Arlete,F
Arley,M
Arlie,M
Arlinda,F
Arlindo,M
Arline,F
Arlo,M
Armaan,M
Armanda,F
Armandino,M
Armand,M
Armando,M
Arman,M
Armany,M
Armeet,F
Arménio,M
Armindo,M
Arminé,F
Armínio,M
Arnab,M
Arnaldo,M
Arnav,M
Arnísio,M
Arnoor,F
Aroa,F
Arohi,F
Aron,M
Arpit,M
Arran,M
Arsalan,M
Arsénia,F
Arsenie,M
Arsenii,M
Arseni,M
Arsénio,M
Arseniy,M
Arshaman,M
Arsh,F
Arshman,M
Arshpreet,F
Arsio,M
Artemiy,M
Artem,M
Arteom,M
Arthem,M
Arthur,M
Artimisio,M
Artiom,M
Art,M
Artur,M
Artyom,M
Aruna,F
Arun,M
Arv,M
Arwa,F
Arya,F
Árya,F
Aryana,F
Aryan,M
Aryanna,F
Aryanne,F
Arybel,F
Aryckson,M
Aryelle,F
Ary,F
Aryhel,F
Ary,M
Aryna,F
Aryun,M
Asad,M
Asael,M
Asafe,M
Ásafe,M
Asan,M
Aseem,M
Asen,M
Aser,M
Ashan,M
Ashanty,F
Asheley,F
Asher,M
Ashley,F
Ashley,M
Ashmeet,F
Ashnoor,M
Ashrafov,M
Ashveen,F
Asiela,F
Asiel,M
Asier,M
Asish,M
Aslam,M
Aslan,M
Asmaa,F
Ásmin,F
Asse,M
Assia,F
Assiatou,F
Assimiou,M
Assis,M
Assiyatou,F
Assmaa,F
Assma,F
Assmah,F
Assnat,F
Asstemír,M
Assunção,F
Assunção,F
Astha,F
Astou,F
Asus,M
Asvi,F
Atanas,M
Atena,F
Atesh,M
Athanasius,M
Atharva,M
Atika,F
Átila,F
Atílio,M
Atreyu,M
Auany,M
Aubin,M
Audrey,F
Augusta,F
Augustine,F
Augustin,M
Augusto,M
Aura,F
Áurea,F
Aurea,F
Áurea,F
Àurea,F
Aurélia,F
Aureliano,M
Aurelie,F
Aurélio,M
Aurélio,M
Aureo,M
Aurora,F
Austin,M
Ava,F
Avelina,F
Avelino,M
Avijot,M
Aviraj,M
Aviva,F
Avneet,F
Avni,F
Avnoor,F
Avonlea,F
Avraam,M
Awa,F
Award,M
Awayhame,F
Axelle,F
Axel,M
Axkan,M
Ayaana,F
Ayaan,M
Ayad,M
Aya,F
Ayala,F
Ayame,M
Ayami,F
Ayana,F
Ayane,F
Ayan,F
Ayani,F
Ayan,M
Ayanna,F
Ayanne,F
Ayara,F
Ayat,F
Ayden,M
Ayesha,F
Ayhame,M
Ayhane,F
Ayira,F
Aykel,M
Ayla,F
Aylan,M
Aylén,F
Aylin,F
Aylla,F
Ayllah,F
Aylton,M
Ayman,M
Aymar,M
Aymê,F
Aymen,M
Aynara,F
Aynoah,F
Ayo,F
Ayon,M
Ayra,F
Ayran,M
Ayrton,M
Aysha,F
Áysha,F
Aysla,F
Ayssa,F
Ayumi,F
Ayunni,F
Ayushi,F
Ayush,M
Ayushman,M
Azael,M
Azaleia,F
Azan,M
Azel,M
Azer,M
Aziel,M
Aziza,F
Azizbek,M
Azizjon,M
Aziz,M
Azka,F
Azmat,M
Azul,F
Azura,F
Baanipreet,F
Baburkhan,M
Bacari,M
Bacar,M
Bachir,M
Badara,M
Badr,M
Baichuan,M
Bailo,F
Baldvin,M
Baltasar,M
Baltazar,M
Balthazar,M
Bambo,M
Bani,F
Baniran,M
Banora,M
Barack,M
Bara,M
Baran,F
Bárbara,F
Barbara,F
Bárbara,F
Bareerah,F
Bartolomeu,M
Basant,F
Basca,M
Basile,M
Basiru,M
Bassiratu,F
Bastian,M
Bastien,M
Batoura,M
Beatrice,F
Béatrice,F
Beatrise,F
Beatris,F
Beatrix,F
Beatriz,F
Beau,M
Bebiana,F
Beizhenni,F
Bekoloya,M
Bela,F
Belarmino,M
Belchior,M
Bélcio,M
Belén,F
Beline,F
Belisa,F
Bella,F
Belle,F
Belmar,M
Belmira,F
Belmiro,M
Benção,M
Bendavid,M
Benedita,F
Ben-Hur,M
Beniamin,M
Benice,F
Benício,M
Benigna,F
Benjahmim,M
Benjamim,M
Benjamin,M
Benjamín,M
Ben,M
Benner,M
Benny,M
Bentley,M
Bento,M
Bercina,F
Berenice,F
Berfin,F
Berkan,M
Bernadette,F
Bernardim,M
Bernardina,F
Bernard,M
Bernardo,M
Berta,F
Betânia,F
Beto,M
Béyoncé,F
Bhavini,F
Bhav,M
Bhavnoor,F
Bhavnoor,M
Bhernardo,M
Bhidan,M
Bhubin,M
Bia,F
Biana,F
Bianca,F
Biani,F
Bianka,F
Biatriz,F
Bibek,M
Bibhor,M
Bibiana,F
Bidhan,M
Bidushi,F
Bigya,F
Bihaan,M
Biia,F
Bikram,M
Bilal,M
Bilguissa,F
Billca,F
Billy,M
Bilmão,M
Bilyna,F
Binta,F
Binto,F
Bintou,F
Bipashna,F
Bipsan,M
Bishes,M
Biyan,M
Biyu,F
Blagomil,M
Blanchard,M
Blaydeti,F
Blendcy,F
Blessing,F
Bleyner,M
Bo,F
Bogdan,M
Bohdana,F
Bohdan,M
Bojidar,M
Bo,M
Boqian,M
Bóris,M
Boris,M
Bóris,M
Borrico,M
Boryslav,M
Borys,M
Bowen,M
Braadon,M
Bradley,M
Brahim,M
Braian,M
Braiany,M
Braiden,M
Braima,M
Braimy,M
Brainer,M
Brais,M
Branca,F
Brandão,M
Brandon,M
Brânny,M
Bráulio,M
Bráulio,M
Brayane,M
Brayan,M
Brayne,M
Brayn,M
Breanne,F
Brearna,F
Brenda,F
Breno,M
Brenthon,M
Briana,F
Brian,M
Brianna,F
Brighitte,F
Brígida,F
Brigite,F
Brigitte,F
Brisa,F
Brisha,F
Brishma,F
Bristi,F
Britney,F
Briza,F
Bronoéalfate,F
Brooklyn,F
Brooklyn,M
Bruce,M
Brudy,M
Bruna,F
Brunilde,F
Brunilson,M
Bruno,M
Bryana,F
Bryan,F
Bryan,M
Bryanna,F
Bryanne,M
Bryant,M
Bubacar,M
Buia,F
Bulerim,F
Bunyodbek,M
Busra,F
Cacilda,F
Cademo,M
Cadiatou,F
Cadidjato,F
Cadi,F
Cadija,F
Cadijá,F
Cadijato,F
Cadijatu,F
Cadio,M
Caelan,M
Cael,M
Caetana,F
Caetano,M
Caia,F
Caíco,M
Caiel,M
Cailan,M
Cailany,F
Cainara,F
Caio,M
Caique,M
Cairon,M
Caisy,F
Calebe,M
Caleb,M
Cali,F
Calvin,M
Camélia,F
Camelia,F
Camélia,F
Camila,F
Camilla,F
Camille,F
Camil,M
Camilo,M
Camily,F
Camtai,M
Candice,F
Cândida,F
Cândida,F
Cândido,M
Candido,M
Cândido,M
Candy,F
Canfa,M
Caoilinn,F
Capriano,M
Cáren,F
Carina,F
Carine,F
Carisa,F
Carla,F
Carlene,F
Carlin,M
Carlize,F
Carlo,M
Carlos,F
Carlosjonse,M
Carlos,M
Carlota,F
Carlotta,F
Carmela,F
Carmel,F
Cármen,F
Carmen,F
Cármen,F
Carmim,M
Cármina,F
Carmina,F
Carminda,F
Carminho,F
Carmo,F
Carole,F
Carol,F
Carolina,F
Caroline,F
Carson,M
Casey,F
Casimira,F
Casimiro,M
Cas,M
Cassandra,F
Cássia,F
Cassia,F
Cássia,F
Cassian,M
Cassiano,M
Cassilda,F
Cassio,M
Cássio,M
Castelo,M
Cataleia,F
Cataleya,F
Catalina,F
Catalin,M
Catarina,F
Caterina,F
Caterine,F
Cathaleya,F
Catharina,F
Catherine,F
Cathrionna,F
Cátia,F
Catia,F
Cátia,F
Catiliana,F
Catrina,F
Cattleya,F
Catyleia,F
Catyliana,F
Cauã,M
Cauã,M
Cauaren,F
Cauê,M
Cayetana,F
Caylainy,F
Cayo,M
Cayron,M
Cécile,F
Cecília,F
Cecilia,F
Cecília,F
Cecylia,F
Cedrick,M
Cédrick,M
Cédric,M
Cédric,M
Cedrik,M
Celeste,F
Celestino,M
Célia,F
Célia,F
Celina,F
Céline,F
Celine,F
Céline,F
Celino,M
Célio,M
Célio,M
Cellen,F
Celmira,F
Célsio,M
Celsio,M
Celso,M
Cena,M
Cerasela,F
Cerys,F
Cesaltina,F
Césarda,F
Cesário,M
César,M
César,M
Césaro,M
Céu,F
Ceumir,M
Cezar-Damian,M
Cezar,M
Chadi,M
Chanda,F
Chandra,F
Chanel,F
Chantal,F
Chantel,F
Chantell,F
Chaquil,M
Charles-David,M
Charles,M
Charlie,F
Charlie,M
Charline,F
Charlize,F
Charlotte,F
Cheihouba,M
Cheikh,M
Cheikhou,M
Cheila,F
Cheilly,F
Chelsea,F
Chelse,F
Chelsy,F
Chen,F
Cheng,F
Cheng,M
Chengman,M
Chen,M
Chenxi,F
Chenyu,M
Cheok,M
Cherif,M
Cherno,M
Cherry,F
Chester,M
Chiagoziem,M
Chiara,F
Chico,M
Chi,M
Chimalavera,F
Chisom,F
Chizara,M
Chiziane,F
Chloe,F
Chloé,F
Chloé,F
Chlöe,F
Chrisângella,F
Chrishmiel,M
Chrisland,M
Chris,M
Christiaan,M
Christiane,F
Christian,M
Christianne,F
Christiano,M
Christiany,F
Christine,F
Christophe,M
Christopher,M
Christyan,M
Chriszane,F
Chrystian,M
Chuyi,M
Ciana,F
Ciara,F
Cibele,F
Cibelle,F
Cícero,M
Cici,F
Cidália,F
Cidália,F
Cidálio,M
Cid,M
Ci,F
Ciirasela,F
Ciline,F
Cilírio,M
Ciliza,F
Cilton,M
Cimara,F
Cínara,F
Cinara,F
Cínara,F
Cindy,F
Cinthia,F
Cinthya,F
Cíntia,F
Cintia,F
Cíntia,F
Cintya,F
Ciprian,M
Ciriel,M
Cirila,F
Círlo,M
Ciro,M
Cisaldo,M
Citlali,F
Ciwan,M
Ciyara,F
Ciyi,F
Claire,F
Clara,F
CLara,F
Clarice,F
Clarina,F
Clarinha,F
Clarissa,F
Clarisse,F
Claudemira,F
Cláudia,F
Claúdia,F
Claudia,F
Claúdia,F
Cláudia,F
Claudiana,F
Claudiani,F
Claudiano,M
Claudina,F
Claudine,F
Claudino,M
Cláudio,M
Claudio,M
Claúdio,M
Cláudio,M
Claudison,M
Claudiu-Alexandru,M
Claudiu,M
Clayton,M
Cleber,M
Cléber,M
Cleia,F
Cleide,F
Cleidiane,F
Cleidilson,M
Cleidir,M
Cleiliana,F
Cleisan,F
Cleiton,M
Clementine,F
Cléo,F
Cléo,F
Cleonice,F
Cleopatra,F
Cleópatra,F
Clérigo,M
Clesio,M
Clever,M
Cleyton,M
Clezia,F
Cloe,F
Cloé,F
Cloé,F
Cloë,F
Clotilde,F
Codruta,F
Cody,M
Cole,M
Coline,F
Colin,M
Comisar,M
Conceição,F
Conceição,F
Concha,F
Constança,F
Constança,F
Constânça,F
Constance,F
Constância,F
Constantin,M
Constantino,M
Constanza,F
Contança,F
Cooper,M
Cora,F
Coraima,F
CoraMae,F
Corina,F
Corine,F
Cornel,M
Cosme,M
Cosmina,F
Cosmin,M
Creation,M
Crécia,F
Cremilda,F
Cremildo,M
Crislainny,F
Crislynn,F
Crismara,F
Crispim,M
Crissia,F
Cristal,F
Cristela,F
Cristele,F
Cristhian,M
Cristhieny,F
Cristiana,F
Cristiane,F
Cristian,M
Cristiano,M
Cristielle,F
Cristina,F
Cristofe,M
Cristopher,M
Cristóvão,M
Cristovão,M
Cristóvão,M
Crystal,F
Custódio,M
Custódio,M
Cyara,F
Cynthia,F
Cyntia,F
Cyrus,M
Daan,M
Dabs,M
Dacouen,M
Dádiva,F
Dadiva,F
Dádiva,F
Dadivania,F
Dadivânia,F
Dadivina,F
Dadjoandin,M
Daehan,M
Daenerys,F
Daércio,M
Dafeny,F
Dafinka,F
Dafne,F
Dafny,F
Dahaiana,F
Dahira,F
Dahlia,F
Daiana,F
Daiane,F
Daiany,F
Dailson,M
Daina,F
Dainy,F
Daisa,F
Daisi,F
Daisy,F
Daivania,F
Daizara,F
Daizy,F
Dalanda,F
Dália,F
Dália,F
Daliah,F
Daliana,F
Dalila,F
Dalinda,F
Dalton,M
Dámaris,F
Damaris,F
Dámaris,F
Dâmaris,F
Damenaue,M
Damiana,F
Damian,M
Damião,M
Damião,M
Damien,M
Damir,M
Damon,M
Danacan,F
Danael,M
Dana,F
Dancho,M
Dânia,F
Dania,F
Dânia,F
Danial,M
Daniana,F
Daniela,F
Daniele,F
Daniele,M
Danieli,M
Daniella,F
Danielle,F
Danielly,F
Daniel,M
Danielson,M
Daniely,F
Danien,F
Daniil,M
Danika,F
Danil,M
Danilo,M
Danilson,M
Dani,M
Daniyal,M
Dan,M
Danniielly,F
Dannyel,M
Danny,M
Dante,M
Danya,F
Danyele,F
Danylo,M
Dany,M
Daphne,F
Dara,F
Darah,F
Darcieny,F
Dárcio,M
Dária,F
Daria,F
Dária,F
Dariana,F
Dáriane,F
Darian,M
Darina,F
Darin,M
Dário,M
Dario,M
Dário,M
Dariu,M
Darius-Alexandru,M
Darius,M
Dariya,F
Darlene,F
Darlynn,F
Darpana,F
Darque,M
Darshit,M
Darsh,M
Darsika,F
Daryna,F
Dássia,F
Dauda,M
Dave,M
Davide,M
David,M
Davids,M
Davidson,M
Davih,M
Davi,M
Daví,M
Daví,M
Davlatjon,M
Davron,M
Davyd,M
Davy,M
Dawani,M
Dawid,M
Dawood,M
Dawoud,M
Dawud,M
Dayana,F
Dayane,F
Dayan,M
Dayanna,F
Dayanne,F
Dayel,M
Daylan,M
Dayline,F
Daylin,F
Daylon,M
Daymien,M
Daymin,F
Daymonds,M
Dayol,F
Dayra,F
Dayvan,M
Dayvis,M
Dean,M
Deanna,F
Debbora,F
Débora,F
Debora,F
Débora,F
Déborah,F
Deborah,F
Déborah,F
Debra,F
Decio,M
Declan,M
Deegbi,F
Deema,F
Deep,M
Deepsikha,F
Defence,M
Deimon,M
Deimos,M
Deise,F
Deiselin,F
Deisy,F
Deive,M
Deivid,M
Deivit,M
Deiwilson,M
Deiziane,F
Dejanira,F
Delailah,F
Delcia,F
Délcio,M
Délcio,M
Delfim,M
Delia,F
Délia,F
Deliana,F
Deliandra,F
Delimara,F
Délio,M
Delmar,M
Delme,M
Delmiro,M
Délson,M
Delvino,M
Dembo,M
Demetre,M
Demétrius,M
Demian,M
Dena,F
Denguel,M
Denil,M
Denilson,M
Denílson,M
Denisa,F
Denise,F
Denish,M
Dénis,M
Denis,M
Dénis,M
Dênis,M
Denitsha,F
Dénix,M
Deniz,M
Dennis,M
Dennys,M
Densel,M
Denylson,M
Denysa,F
Denyse,F
Denys,M
Denzel,M
Deocliciano,M
Deodata,F
Deodato,M
Deolinda,F
Deolindo,M
Dércia,F
Dércio,M
Dereck,M
Derek,M
Dérick,M
Derick,M
Dérick,M
Dérickson,M
Derik,M
Deron,M
Derrick,M
Dérrick,M
Derycson,M
Desidéria,F
Destiny,F
Destiny,M
Deusa,F
Deva,F
Devan,M
Devanshi,F
Deven,M
Devi,F
Devin,M
Devisha,F
Devlin,M
Dev,M
Devni,F
Dewi,F
Deya,F
Deye,F
Deyse,F
Deyvan,M
Dezayre,F
Dgeorgia,F
Dhafne,F
Dhairya,M
Dhani,F
Dhanish,M
Dhanraj,M
Dhara,F
Dhariela,F
Dharyani,F
Dhavid,M
Dheká,M
Dhenys,M
Dhevan,M
Dhevin,M
Dhir,M
Dhiya,F
Dhiyanshi,F
Dhrishil,M
Dhrumil,M
Dhruvi,F
Dhruv,M
Diamanta,F
Diamantina,F
Diamantino,M
Diana,F
Diane,F
Dianilse,F
Dianna,F
Diantus,M
Diany,F
Diara,F
Dias,M
Dibo,M
Dibyan,M
Dicael,M
Didiana,F
Didier,M
Dieggo,M
Diego,M
Dien,M
Dierson,M
Dieudonné,M
Digvijay,M
Diinis,M
Dikafany,M
Dilan,M
Dilbar,F
Dilca,F
Dileison,M
Diljot,F
Diljot,M
Dilker,M
Dillon,M
Dilma,F
Dilnura,F
Dilpreet,M
Dilraaj,M
Dilraj,M
Dilreet,F
Dilsa,F
Dilson,M
Dimana,F
Dimas,M
Dimitar,M
Dimitri,M
Dimitrios,M
Dimitriy,M
Dinael,M
Dina,F
Dinarte,M
Dineia,F
Dinica,F
Dinis,M
Diniz,M
Dinka,F
Dinko,M
Dinnis,M
Dino,M
Dinora,F
Dinys,M
Diócadun,F
Diofe,M
Diógenes,M
Diogo,M
Diokine,M
Dione,F
Dione,M
Dionísia,F
Dionisia,F
Dionísio,M
Dionisio,M
Dionísio,M
Dion,M
Dirceu,M
Diriane,F
Dishan,M
Dishi,M
Dishti,F
Ditene,F
Diva,F
Divaldo,M
Divanny,M
Divhya,F
Divija,F
Divine,F
Divya,F
Divyanka,F
Divyan,M
Divyash,M
Diya,F
Diyora,F
Diyorbek,M
Diza,F
Djaad,M
Djacqueline,F
Djalayne,F
Djalvin,F
Djamal,M
Djamely,F
Djames,M
Djamila,F
Djamilatu,F
Djamson,M
Django,M
Djaniny,M
Djanira,F
Djanne,M
Djanyr,M
Djara,F
Djariato,F
Djassy,M
Djaymily,F
Djayson,M
Djaz,M
Djéidan,M
Djeisen,M
Djeisia,F
Djeison,M
Djelissa,F
Djemo,M
Djenabú,F
Djenifer,F
Djenilson,M
Djeny,F
Djenyfer,F
Djestiny,F
Djeviny,M
Djeyson,M
Djeyv,M
Djezzy,M
Djibril,M
Djinilson,M
Djoel,M
Djorlene,M
Djosi,M
Djossane,M
Djudd,M
Djuliann,M
Dmitrii,M
Dmitriy,M
Dmitro,M
Dmytro,M
Dolores,F
Domingas,F
Domingos,M
Dominica,F
Dominick,M
Dominic,M
Domínico,M
Dominika,F
Dominik,M
Dominique,F
Dominique,M
Donatella,F
Dong,M
Dongsheng,M
Donovan,M
Donyorjov,M
Dora,F
Doralice,F
Doriana,F
Dorian,M
Dorin,M
Dóris,F
Dóris,F
Douaa,F
Douãa,F
Douglas,M
Dounia,F
Dragos,M
Drashti,F
Dricla,F
Drish,M
Drishya,F
Duana,F
Duane,M
Duani,M
Duarta,F
Duarte,M
Duarth,M
Ducelma,F
Ducu,M
Dugério,M
Dulce,F
Dulcineia,F
Dúlio,M
Dullin,M
Dumitru,M
Duna,F
Dune,F
Dúnia,F
Dura,F
Durval,M
Dwayne,M
Dwini,M
Dyana,F
Dyanna,F
Dyanne,F
Dylan,M
Dylara,F
Dyllan,M
Dyon,M
Eárine,F
Earyne,F
Ebenézer,F
Ebenezer,M
Ebrima,M
Ecaterina,F
Eclésio,M
Edan,M
Edanna,F
Edda,F
Edddy,M
Edder,M
Eddie,M
Eddy,M
Edegarnia,F
Edeleny,F
Eden,M
Éder,M
Eder,M
Éder,M
Ederson,M
Éderzito,M
Edevaldo,M
Edgard,M
Edgar,M
Edgilson,M
Ediana,F
Ediberto,M
Edifanio,M
Edilberto,M
Edilene,F
Edilson,M
Edilssa,F
Edilzy,F
Édi,M
Edi,M
Édi,M
Edina,F
Edine,F
Edineusa,F
Edir,M
Edison,M
Edite,F
Edit,F
Edith,F
Edivânio,M
Edjailzen,M
Edjane,F
Edlynne,F
Edma,F
Edmara,F
Edmar,M
Edmaya,F
Edmilson,M
Edmilton,M
Edmundo,M
Edna,F
Ednaiza,F
Ednara,F
Edner,M
Edneyja,F
Edney,M
Ednilson,M
Edoardo,M
Edomilda,F
Edrick,M
Edsandro,M
Edsani,F
Edson,M
Eduarda,F
Eduard,M
Eduardo,M
Eduardu,M
Eduvik,M
Eduwina,F
Edvaldo,M
Edwin,M
Edyane,F
Edymar,M
Edzana,F
Efim,M
Efraim,M
Efsun,F
Egali,F
Egas,M
Egídio,M
Egon,M
Egor,M
Ehinonmen,M
Eiden,M
Eilla,F
Eiman,F
Eirik,M
Eishal,F
Eithel,M
Eitor,M
Ekamdeep,F
Ekamjit,M
Ekamjot,M
Ekam,M
Ekampreet,M
Ekaterina,F
Ekati,F
Eknoor,F
Éktoras,M
Elaina,F
Elaine,F
Elainy,F
Elaisa,F
Elana,F
Elanã,F
Elany,F
Elavoko,M
Elayna,F
Elayne,F
Elbercio,M
Elber,M
Elcana,F
Elcieny,F
Élcio,M
Élcio,M
Elcy,F
Eldar,M
Eldimir,M
Eléa,F
Eléa,F
Eleanor,F
Electra,F
Eleia,F
Eleine,F
Elena,F
Eléni,F
Eleni,F
Elenna,F
Eleonora,F
Eléonore,F
Eleonor,F
Elettra,F
Eleumara,F
Eleutério,M
Elga,F
Elgar,M
Elhadje,M
Elhadji,M
Elhdj,M
Eliabe,M
Eliab,M
Élia,F
Élia,F
Elia,M
Eliana,F
Eliandro,M
Eliane,F
Elian,M
Elián,M
Elianne,F
Eliano,M
Eliany,F
Eliara,F
Eliasafe,M
Elias,M
Élice,F
Eliciane,F
Elicleide,F
Elic,M
Elídio,M
Eliedson,M
Eliel,M
Elielson,M
Eliender,M
Eliene,M
Elieta,F
Eliete,F
Eliezandro,M
Eliézer,M
Eliezer,M
Eliézer,M
Elijah,M
Élika,F
Elikia,F
Eli,M
Elina,F
Eline,F
Élin,F
Elinise,F
Eliny,F
Elioenai,F
Elioenai,M
Élio,M
Elio,M
Élio,M
Eliot,M
Elisabeta,F
Elisabete,F
Elisabeth,F
Elisa,F
Elisama,F
Elisandro,M
Elisaveta,F
Elise,F
Elisei,M
Elisete,F
Eliseu,M
Elisey,M
Elis,F
Élis,F
Elísia,F
Elisiane,F
Elisiário,M
Elisiário,M
Elísio,M
Elísio,M
Elissa,F
Elisson,M
Eliyah,M
Elizabete,F
Elizabet,F
Elizabeth,F
Eliza,F
Elizandro,M
Elizangila,F
Elizaveta,F
Elizete,F
Ella,F
Ellaine,F
Ella-Luena,F
Ellana,F
Ella-Rae,F
Elle,F
Ellena,F
Éllene,F
Ellen,F
Elleonor,F
Elliane,F
Ellie,F
Ellie-Rosa,F
Elliott,M
Elly,F
Elma,F
Elmara,F
Elmer,M
Eloá,F
Eloá,F
Eloah,F
Elody,F
Elói,M
Elói,M
Eloísa,F
Eloisa,F
Eloïse,F
Eloise,F
Eloïse,F
ELoíza,F
Eloizio,M
Elouise,F
Eloy,M
Elsa,F
Elsandro,M
Élsio,M
Élson,M
Elson,M
Élson,M
Élton,M
Elton,M
Élton,M
Eluney,M
Elvandro,M
Elvaney,M
Elves,M
Elvina,F
Elvio,M
Élvio,M
Elvira,F
Elvis,M
Elvyn,M
Elya,F
Elyane,F
Elyan,M
Elyanna,F
Elyanne,F
Elyel,M
Ely,M
Elyne,F
Elyon,M
Elysée,M
Elys,M
Elzira,F
Emaan,F
Éma,F
Ema,F
Emaly,F
Emannuelly,F
Emanoil,M
Emanuela,F
Emanuele,F
Emanuella,F
Emanuelle,F
Emanuelly,F
Emanuel,M
Emanuely,F
Emeka,M
Emelie,F
Emelly,F
Emely,F
Emerson,M
Emessi,M
Emídio,M
Emi,F
Emilangela,F
Emile,M
Emília,F
Emilia,F
Emília,F
Emiliana,F
Emiliane,F
Emilian,M
Emiliano,M
Emilie,F
Emilio,M
Emílio,M
Emilly,F
Émilly,F
Emil,M
Emilton,M
Émily,F
Emily,F
Emir,M
Emma,F
Emmanuela,F
Emmanuel,M
Emmely,F
Emmy,F
Emrys,M
Emylle,F
Emyr,M
Ena,F
Enan,M
Endi,M
Endrick,M
Endrickson,M
Endrique,M
Endy,M
Enea,M
En,F
Énia,F
Énia,F
Enilson,M
Enily,F
Énio,M
Enio,M
Énio,M
Eniraide,F
Ennzo,M
Enola,F
Enoque,M
Enora,F
Enrico,M
Enrique,M
Énsol,M
Enya,F
Enzel,F
Enzel,M
Enzho,M
Enzhuo,M
Enzi,M
Enzo,M
Enzu,M
Epandi,M
Epifânia,F
Epifânia,F
Erasmo,M
Erdal,M
Eriana,F
Eriandra,F
Eriandro,M
Érica,F
Erica,F
Érica,F
Erick,M
Érick,M
Erickson,M
Eric,M
Éric,M
Erico,M
Érico,M
Ericson,M
Eridana,F
Erietta,F
Erika-Daniela,F
Érika,F
Erika,F
Érika,F
Erika-Lea,F
Érik,M
Erik,M
Erikson,M
Erikssander,M
Erilton,M
Erin,F
Erioluwa,F
Eriwana,F
Ermelinda,F
Ernani,M
Ernest,M
Ernesto,M
Eroany,M
Eron,M
Eros,M
Ersílio,M
Erwan,M
Eryka,F
Eryk,M
Ery,M
Esandjo,M
Esandju,M
Esanju,F
Esaú,M
Esdras,M
Esenia,F
Eshaal,F
Esha,F
Eshal,F
Eshraak,M
Eslin,F
Esmael,M
Esmeralda,F
Esperança,F
Esperança,F
Esperanza,F
Esteban,M
Estefânia,F
Estefania,F
Estefânia,F
Estefani,F
Estefano,M
Estefany,F
Estéfica,F
Estela,F
Estella,F
Estelle,F
Estelvio,M
Estephanie,F
Estera,F
Ester,F
Estér,F
Estevana,F
Estevan,M
Estêvão,M
Estevão,M
Estevão,M
Estêvão,M
Esther,F
Estir,F
Estrela,F
Etelvino,M
Ethan,M
Etiandro,M
Étienne,M
Etsana,F
Etson,M
Etyvaldo,M
Euceline,F
Euclides,M
Euclidiana,F
Euclidi,M
Eudes,M
Eugénia,F
Eugenia,F
Eugénia,F
Eugénio,M
Eugen,M
Euger,M
Eukene,F
Eulália,F
Eulina,F
Eulinia,F
Eulyame,M
Eunice,F
Eun,M
Euquídea,F
Eurico,M
Euridce,F
Eurilucio,M
Eusébio,M
Eusébio,M
Eva,F
Evaldir,M
Evalyn,F
Evana,F
Evandra,F
Evandro,M
Evangeline,F
Evangelos,M
Evania,F
Evanildo,M
Evanilson,M
Evan,M
Evann,M
Evans,M
Evanyce,F
Evany,M
Évany,M
Evdokia,F
Evelina,F
Eveline,F
Evelin,F
Evellyn,F
Evel,M
Evely,F
Evelyne,F
Evelyn,F
Évelyn,F
Evgeniya,F
Evgueni,M
Evickson,M
Evie,F
Evile,F
Evilly,F
Eviquene,M
Ewa,F
Ewan,M
Ewerton,M
Excel,F
Exel,M
Eyson,M
Eyva,F
Ezairon,M
Ezaquiel,M
Ezekiel,M
Ezel,F
Ezequiela,F
Ezequiel,M
Ezesandra,F
Ezinne,F
Ezio,M
Ezly,F
Ezra,F
Ezra,M
Faatima,F
Faatimah,F
Fábia,F
Fábia,F
Fabiana,F
Fabián,M
Fabian,M
Fabián,M
Fabiano,M
Fabião,M
Fabien,M
Fabijana,F
Fábio,F
Fabíola,F
Fábio,M
Fabio,M
Fábio,M
Fabrícia,F
Fabrício,M
Fabricio,M
Fabrício,M
Fabrizia,F
Fabrízio,M
Fabyene,F
Fahd,M
Fahim,M
Fahisa,F
Faira,F
Faith,F
Faiza,F
Faizan,M
Fajar,F
Fa,M
Fani,F
Fan,M
Fanny,F
Farah,F
Fareedah,F
Farha,F
Faro,M
Farrah,F
Fateh,F
Fateh,M
Fatiany,F
Fatiha,F
Fátima,F
Fatima,F
Fátima,F
Fatimatou,F
Fatima-Zahara,F
Fatma,F
Fatou,F
Fatoumata,F
Fatu,F
Fatumata,F
Faustina,F
Faustino,M
Fausto,M
Fauzi,F
Federico,M
Fedra,F
Felícia,F
Felícia,F
Feliciana,F
Feliciano,M
Felicidade,F
Felipa,F
Felipe,M
Felisberto,M
Felismino,M
Félix,M
Felix,M
Félix,M
Feliz,M
Fenda,F
Fenil,M
Fénix,F
Ferdan,M
Feriel,F
Fernanda,F
Fernando,M
Fernão,M
Fernão,M
Feyme,F
Fia,F
Figo,M
Fikret,M
Fílio,M
Filipa,F
Filipe,F
Filipe,M
Filip,M
Filipo,M
Filippa,F
Filipp,M
Filippo,M
Filomena,F
Filomeno,M
Filza,F
Fine,F
Finlay,M
Finley,M
Finnegan,M
Finn,M
Fiona,F
Firdaws,F
Firie,F
Flávia,F
Flávia,F
Flávio,M
Flávio,M
Flint,M
Flora,F
Florbela,F
Florença,F
Florence,F
Florentina,F
Florentin,M
Flor,F
Floriano,M
Florinda,F
Florin,M
Floy,F
Flynn,M
Fodé,M
Foram,F
Foricusa,F
Fortunato,M
Fradiana,F
Francelina,F
Francemo,M
Francesca,F
Francesco,M
Franciela,F
Franciely,F
Francine,F
Francisa,F
Francisca,F
Francisco,M
Francis,M
François,M
Franklim,M
Frank,M
Franscisca,F
Franziska,F
Freddie,M
Freddy,M
Frederica,F
Frederick,M
Frederic,M
Frederico,M
Fredilsa,F
Fred,M
Fredy,M
Fredynilson,M
Fredyson,M
Frida,F
Frímann,M
Fylipa,F
Gabi,F
Gabrieel,M
Gabriela,F
Gabriele,M
Gabrieli,M
Gabriella,F
Gabrielle,F
Gabrielli,F
Gabrielly,F
Gabriel,M
Gabriely,F
Gabryella,F
Gabryel,M
Gaele,M
Gael,F
Gaell,M
Gael,M
Gaia,F
Gaïa,F
Gaio,M
Gaitana,F
Gala,F
Galileu,M
Galo,M
Gamaliel,M
Gando,M
Ganjina,F
Gara,F
Garance,F
Gareguin,M
Gareth,M
Garima,F
Garry,M
Gary,M
Gaspard,M
Gaspar,M
Gastão,M
Gastão,M
Gaurav,M
Gavin,F
Gavin,M
Gavriil,M
Geanina,F
Geashna,F
Geisa,F
Geiza,F
Gelciline,F
Gelcyara,F
Gelila,F
Gelried,M
Gélsia,F
Gelson,M
Gema,F
Gemma,F
Gena,F
Genciane,F
Genésia,F
Génesis,F
Génesis,F
Geneza,F
Genice,F
Genilson,M
Génises,F
Genrikh,M
Gentil,M
Geoffrey,M
George,M
Georgeta,F
Georgia,F
Georgiana,F
Georgian,M
Georgi,M
Georgina,F
Georgino,M
Georgiy,M
Geovana,F
Geovane,M
Geovanna,F
Geovanni,M
Geovanny,M
Geovany,M
Geralda,F
Geraldino,M
Geraldo,M
Gergana,F
Germália,F
German,M
Germán,M
Germia,M
Gernaísa,F
Geronimo,M
Gerson,M
Gérson,M
Gerulza,F
Gervásio,M
Gesciana,F
Gesmine,F
Ghaith,M
Ghassan,M
Gheorghe,M
Gheorghita,M
Giacomo,M
Giada,F
Giana,F
Giani,M
Gianluca,M
Gianlucca,M
Gianna,F
Gianni,M
Gianny,F
Gianny,M
Gibril,M
Giela,F
Gilberto,M
Gilcélio,M
Gilchrist,M
Gilda,F
Gil,M
Gilmara,F
Gilsa,F
Gilson,M
Gina,F
Gino,M
Giomaro,M
Giorge,M
Giorgi,M
Giovana,F
Giovani,M
Giovanna,F
Giovanni,M
Giovanny,M
Giovany,M
Girisha,F
Gisela,F
Gisele,F
Giselene,F
Giselle,F
Gislaine,F
Gislene,F
Gisola,F
Gitanjali,F
Giulhia,F
Giulia,F
Giuliana,F
Giuseppe,M
Gláucio,M
Glaucivania,F
Glauco,M
Gleb,M
Gleich,F
Glenda,F
Glória,F
Gloria,F
Glória,F
Gmar,M
Goa,M
Godfrey,M
Gomme,M
Gonçalo,M
Gonçalo,M
Gonzaga,M
Gonzalo,M
Goreti,F
Gorge,M
Goundo,M
Grabriela,F
Graça,F
Graça,F
Grace,F
Graciana,F
Graciani,F
Gracie,F
Graciela,F
Graciete,F
Gracinda,F
Graham,M
Grazielly,F
Greer,F
Greg,M
Greice,F
Greicekelly,F
Griffin,M
Guadalupe,F
Gualter,M
Gudusuaina,F
Guido,M
Guilheme,M
Guilherme,M
Guilhermina,F
Guillaume,M
Guillem,M
Guiller,M
Guillermo,M
Gui,M
Guiomar,F
Gulmira,F
Guramrit,M
Guransh,M
Gurash,F
Gurbani,F
Gurfateh,M
Gurjap,M
Gurjoban,M
Gurjotdeep,M
Gurjot,M
Gurkeerat,M
Gurleen,F
Gurman,M
Gurmehek,F
Gurnajbir,F
Gurniwaz,M
Gurnoor,F
Gurnoor,M
Gurpal,M
Gursahib,M
Gurseerat,F
Gursehajpreet,M
Gurshaan,M
Gursher,M
Gursimaran,F
Gursimran,M
Gursirat,F
Gurvanshdeep,M
Gurveer,M
Gurvir,M
Gurwinder,M
Gustaf,M
Gustav,M
Gustavo,M
GUSTAVO,M
Gusttavo,M
Guto,M
Gyan,M
Gyovanna,F
Haamed,M
Habacuque,M
Hachim,M
Hadassa,F
Hadassah,F
Hadija,F
Hadiyah,F
Hadiyatou,F
Hadja,F
Hadriela,F
Hafez,M
Hafsa,F
Haianne,F
Haicky,M
Haiden,M
Haider,M
Haile,M
Hailie,F
Hailton,M
Hai,M
Haja,F
Hajar,F
Hakan,M
Hala,F
Halana,F
Hália,F
Halimjon,M
Halyane,F
Hamad,M
Hamda,F
Hamilton,M
Hamzah,M
Hamza,M
Hana,F
Handreia,F
Han,F
Hang,F
Hang,M
Hania,F
Haniela,F
Haniele,F
Haniel,M
Hanish,M
Haniya,F
Hániyah,F
Hanlong,M
Hanna,F
Hannah,F
Hannes,M
Hansel,M
Hanza,M
Haodong,M
Hao,F
Haojie,M
Hao,M
Haoxuan,M
Haoyu,M
Hapel,F
Harbin,F
Hardik,M
Hareem,F
Harfateh,M
Hargun,F
Hargunjit,M
Hargun,M
Hariane,F
Hariela,F
Hari,M
Harissa,F
Harjot,F
Harjot,M
Harkirat,F
Harleen,F
Harley,M
Harman,M
Harnav,M
Harneet,F
Harnoor,F
Harnoor,M
Harold,M
Haron,M
Haroun,M
Harper,F
Harper,M
Harpreet,M
Harpritam,F
Harriet,F
Harrison,M
Harry,M
Harsaihaj,M
Harseerat,F
Harshil,M
Harshine,F
Harshit,F
Harsh,M
Harsirat,F
Harvey,M
Harvi,F
Hasana,F
Hasan,M
Hashir,M
Hasmara,F
Hasna,F
Hasnain,M
Hassanatou,F
Hassan,M
Hassatou,F
Hatim,M
Hawa,F
Hawwá,F
Hayaa,F
Haya,F
Hayah,F
Hayat,F
Haydée,F
Hayden,F
Hayden,M
Hayla,F
Haylana,F
Hayley,F
Haylla,F
Hazael,M
Hazel,F
Haziela,F
Haziel,M
Hebe,F
Héber,M
Hector,M
Heden,M
Hedji,F
Hedviges,F
Heer,M
Heiden,M
Heidy,F
Heidynazia,F
Hei,F
Heike,F
Heilly,F
Heimar,M
Heinz,M
Heitan,M
Heitor,M
Helaine,F
Helainy,F
Helão,M
Helayne,F
Helber,M
Helbert,M
Hélcia,F
Hélcia,F
Helciany,F
Hélcias,F
Helda,F
Hélder,M
Helder,M
Hélder,M
Hélduiny,M
Helena-Edi,F
Helena,F
Helene,F
Helen,F
Helenna,F
Heleno,M
Helga,F
Hélia,F
Hélia,F
Heliamar,F
Heliana,F
Helian,M
Hélida,F
Hélie,M
Heli,M
Hélio,M
Hélio,M
Helione,M
Hellena,F
Hellen,F
Hellieva,F
Helloisa,F
Helmar,M
Helmer,M
Helmo,M
Helmyr,M
Heloá,F
Heloísa,F
Heloisa,F
Heloísa,F
Helson,M
Helton,M
Heltrício,M
Heluísa,F
Helyara,F
Hemery,M
Hemilton,M
Henda,M
Hénderson,M
Hendira,F
Hendra,F
Hendrick,M
Hendrik,M
Hendyr,M
Henedina,F
Henock,M
Henrico,M
Henriette,F
Henrik,M
Henri,M
Henrique,M
Henriqueta,F
Henryk,M
Henry,M
Henyan,F
Henzo,M
Heorhiy,M
Herculano,M
Hercules,M
Hércules,M
Herick,M
Hérick,M
Herickson,M
Hericky,M
Héritier,M
Herlander,M
Herlica,F
Herman,M
Hermano,M
Hermenegildo,M
Hérmen,M
Hermès,M
Hermínia,F
Herminiana,F
Hermínio,M
Hêrnani,M
Hernâni,M
Hernani,M
Hernâni,M
Hernany,M
Hervê,M
Hester,F
Hestin,M
Hetiene,M
Hetwik,M
Heyden,M
Hianique,M
Hiba,F
Hibah,F
Hibba,F
Hicham,M
Hidanir,M
Hídio,M
Higor,M
Hijab,F
Hikaru,M
Hilária,F
Hilário,M
Hilário,M
Hilda,F
Hildebrando,M
Hillary,F
Hilliam,M
Hilma,F
Hilola,F
Hilson,M
Hinal,M
Hiranya,F
Hiroshi,M
Hislene,F
Holger,M
Holly,F
Homar,M
Honey,F
Hongda,M
Hong,M
Hoorain,F
Horácio,M
Horacio,M
Horácio,M
Horrana,F
Hortêncio,M
Hortênsia,F
Horus,M
Hosana,F
Hossana,F
Hotchali,F
Hou,M
Houssainatou,F
Hridaan,M
Hriday,M
Hridhaan,M
Hristiyin,M
Hristo,M
Hubert,M
Huda,F
Hudson,M
Hugo,M
Hulematu,F
Humaira,F
Humam,M
Human,M
Humberto,M
Hummels,M
Huncelma,F
Hunerpreet,F
Hunny,M
Hurain,F
Husam,M
Hussain,M
Hussayn,M
Hussnain,M
Hyadi,M
Hyndia,F
Hyrina,F
Hyrningur,M
Iacénia,F
Iacob,M
Iacov,M
Iag,M
Iago,M
Iaia,M
Iamara,F
Iana,F
Iancu-Stefan,M
Ianes,M
Ianis,M
Ian,M
Ianna,F
Iannis,M
Ianny,F
Ianys,M
Iara,F
Iarah,F
Iaraslava,F
Iaromir,M
Iashvizaman,M
Iasmina,F
Iasmin,F
Ibadat,F
Ibenekwume,M
Ibraheem,M
Ibrahima,M
Ibrahim,M
Ibraima,M
Ibraim,M
Ibraimovic,M
Ibrain,M
Ícaro,M
Ícaro,M
Idaira,F
Idalete,F
Idália,F
Idália,F
Idalina,F
Idaline,F
Iderson,M
Idíane,F
Idiatou,F
Idijezi,M
Idirissa,M
Idjatu,F
Idrissa,M
Iego,M
Iek,M
Ieva,F
Ievgeniia,F
Ifeoma,F
Ifesinachi,M
Ifra,F
Ignacio,M
Ignácio,M
Ignaz,M
Igor,M
Igory,M
Ikaro,M
Iker,M
Ilai,M
Ilana,F
Ilário,M
Ilayda,F
Ilda,F
Ildebrando,M
Ildeny,M
Ildfreed,M
Ileana,F
Ilia,M
Iliana,F
Ilias,M
Ilídio,M
Ilídio,M
Ilie,M
Ilie-Matei,M
Ilii,M
Ilinca,F
Ilithyia,F
Ilizany,F
Illya,M
Illyana,F
Ilona,F
Ilsa,F
Ilyana,F
Imaan,F
Ima,F
Imani,F
Imara,F
Imayame,F
Imen,F
Imran,M
Inaara,F
Inaaya,F
Inácio,M
Inácio,M
Inaia,F
Inái,F
Inajé,F
Inara,F
Inass,F
Inaya,F
Índia,F
India,F
India-Rose,F
Indira,F
Indya,F
Inesa,F
Inés,F
Ines,F
Inés,F
Inès,F
Inês,F
Infante,M
Inga,F
Íngride,F
Íngride,F
Ingrid,F
Inna,F
Innayat,F
Inocêncio,M
Ino,M
Ioana,F
Ioane,M
Ioan,M
Ioanna,F
Ioann,M
Iok,F
Iolanda,F
Ionara,F
Ionela,F
Ion,M
Ionut,M
Ionut-Madalin,M
Ioshua,M
Iqra,F
Iracema,F
Irada,F
Iraê,F
Iran,M
Irene,F
Ireni,F
Irha,F
Iria,F
Iriana,F
Irina,F
Irineu,M
Ìris,F
Irís,F
Iris,F
Irís,F
íris,F
Íris,F
Iristian,M
Irley,F
Irma,F
Iryna,F
Isaac,M
Isaak,M
Isabela,F
Isabele,F
Isabel,F
Isabelina,F
Isabella,F
Isabelle,F
Isabelli,F
Isabelly,F
Isabely,F
Isac,M
Isadora,F
Isael,M
Isa,F
Isaiah,M
Isaia,M
Isaías,M
Isaias,M
Isaías,M
Isaí,M
Isaí,M
Isak,M
Isa,M
Isamara,F
Isandro,M
Isaque,M
Isaura,F
Ishaani,F
Ishaan,M
Ishak,M
Ishan,M
Ishaq,M
Ishika,F
Ishmeet,M
Ishtmeet,F
Isidro,M
Isilda,F
Ísis,F
Isis,F
Isís,F
Ísis,F
Isla,F
Ismaela,F
Ismael,M
Ismail,M
Ismália,F
Ismara,F
Ismar,M
Isnani,F
Isoke,F
Israa,F
Israar,M
Israel,M
Isra,F
Issa,M
Issoumahilla,M
Isus,M
Isys,F
Itai,M
Ítalo,M
Itamara,F
Iter,M
Itiele,F
Itiel,M
Itiyani,F
Itzayana,F
Itzel,F
Iulia,F
Iuliana,F
Iulian-Gabriel,M
Iulian,M
Iunussa,M
Iurii,M
Iúri,M
Iuri,M
Iúri,M
Ivaan,M
Iva,F
Ivaldira,F
Ivana,F
Ivandra,F
Ivandro,M
Ivane,M
Ivânia,F
Ivânia,F
Ivanildo,M
Ivanilsa,F
Ivanilson,M
Ivanise,F
Ivanka,F
Ivan,M
Ìvan,M
Ivanna,F
Ivanne,F
Ivánn,M
Íven,M
Íven,M
Iverson,M
Ivete,F
Ivie,F
Ivo,M
Ivone,F
Ivory,F
Ivy,F
Iwan,M
Iyad,M
Izabela,F
Izabel,F
Izabella,F
Izadora,F
Izaine,F
Izak,M
Izdínya,F
Izhan,M
Izidora,F
Izidor,M
Izi,F
Izyaan,M
Jabir,M
Jaciara,F
Jacilene,F
Jacinta,F
Jacinto,M
Jacira,F
Jackeline,F
Jackilson,M
Jackline,F
Jack,M
Jackmar,M
Jackson,M
Jacob,M
Jacó,M
Jacquelina,F
Jacqueline,F
Jacques,M
Jacyara,F
Jacymiilly,F
Jada,F
Jaddy,F
Jade,F
Jaden,M
Jade-Noémi,F
Jadiela,F
Jadiel,M
Jadir,M
Jad,M
Jadsleia,F
Jadson,M
Jady,F
Jael,F
Jael,M
Jaelson,M
Jagger,M
Jahmeson,M
Jahongir,M
Jaiane,F
Jaiden,M
Jailma,F
Jailsa,F
Jailson,M
Jaime,M
Jaine,F
Jair,M
Jairo,M
Jairson,M
Jake,M
Jakson,M
Jakub,M
Jalica,F
Jamal,M
James,M
Jamie,M
Jamilly,F
Jamil,M
Jamilson,M
Jamily,F
Jamim,M
Jamiro,M
Jana,F
Janai,M
Janaína,F
Janaina,F
Janaína,F
Janajane,F
Jandem,M
Jandira,F
Jandria,F
Jane,F
Jane-Grace,F
Janejana,F
Janete,F
Janice,F
Jani,F
Janik,M
Janilson,M
Janilza,F
Janina,F
Janine,F
Janira,F
Janircia,F
Jan,M
Janna,F
Jannah,F
Jannat,F
Jannatul,F
Janne,F
Janosch,M
Januário,M
Janus,M
Japjeet,M
Japji,F
Japjot,F
Japleen,F
Japman,F
Japnoor,M
Japtej,M
Jaqueline,F
Jaque,M
Jaqui,F
Jardel,M
Jarede,M
Jarir,M
Jarod,M
Jasenio,M
Jashandeep,F
Jasira,F
Jaskaran,M
Jaskarn,M
Jaskirat,F
Jasleen,F
Jasmanvir,M
Jasmeen,F
Jasmeet,F
Jasmim,F
Jasmim,M
Jasmina,F
Jasmine,F
Jasmin,F
Jasnoor,F
Jasnur,M
Jason,M
Jaspinder,M
Jasraj,M
Jassira,F
Jassirat,F
Jassjot,M
Jatniel,M
Jaume,M
Javier,M
Javlon,M
Javokhir,M
Jawad,M
Jaxon,M
Jaxson,M
Jaya,F
Jayara,F
Jaycee,F
Jayde,F
Jayden,M
Jaydin,F
Jayed,F
Jayene,M
Jaylee,F
Jaylin,F
Jaylson,M
Jay,M
Jayne,F
Jayr,M
Jayson,M
Jayssan,M
Jaziel,M
Jazmin,F
Jazz,M
Jazzmine,F
Jeanete,F
Jeanine,F
Jean,M
Jeanne,F
Jeany,F
Jeciani,F
Jeckliny,F
Jedidiah,M
Jeferson,M
Jefferson,M
Jefter,M
Jeicilin,F
Jeidy,F
Jeisiane,F
Jeison,M
Jekssimil,M
Jelany,M
Jelson,M
Jemima,F
Jemy,M
Jenaína,F
Jéni,F
Jénifer,F
Jenifer,F
Jénifer,F
Jeniffer,F
Jenil,M
Jenish,M
Jennifer,F
Jenny,F
Jennylson,M
Jeovana,F
Jeovane,M
Jeovania,F
Jeovani,M
Jeremias,M
Jérémy,M
Jeremy,M
Jérémy,M
Jeriel,M
Jerónima,F
Jerónimo,M
Jerónimo,M
Jerson,M
Jersy,M
Jerusa,F
Jerykson,M
Jeshika,F
Jeshmi,F
Jesica,F
Jessana,F
Jesselina,F
Jesse,M
Jessé,M
Jessé,M
Jéssica,F
Jessica,F
Jéssica,F
Jessie,F
Jessimar,M
Jéssyca,F
Jessy,F
Jesualdo,M
Jesus,M
Jetro,M
Jewel,F
Jewilson,M
Jeydan,M
Jeyson,M
Jeysse,F
Jezabel,F
Jheidane,M
Jhennifer,F
Jhonatann,M
Jhonathan,M
Jhon,M
Jhulia,F
Jhulli,F
Jhuly,F
Jia,F
Jiahao,M
Jiale,M
Jialin,M
Jia,M
Jiaming,M
Jiaocheng,M
Jiaqi,F
Jiasi,F
Jidaya,F
Jigme,M
Jihane,F
Jil,F
Jilsiany,F
Ji,M
Jimmy,M
Jindveer,M
Jin,F
Jingchen,M
Jing,F
Jing,M
Jingwen,F
Jingxuan,M
Jinheng,M
Jinkel,M
Jivreet,M
Jiyaan,M
Jiya,F
Jizreel,M
Joabe,M
Joadmila,F
Joalete,F
Joana,F
Joaninha,F
Joan,M
Joanna,F
João,M
João,M
Joaquim,F
Joaquim,M
Joaquina,F
Joaquin,M
Joás,M
Joaz,M
Job,M
Joceane,F
Joceline,F
Jocel,M
Jocyana,F
Jocyara,F
Joelcia,F
Joel,M
Joelma,F
Joelson,M
Joe,M
Jofrania,F
Jofre,M
Johaina,F
Johandry,M
Johan,M
Johanna,F
Johel,M
John,M
Johnny,M
Johnson,M
Johnston,M
Joice,F
Joicimara,F
Joicy,F
Joi,F
Joio,M
Joliam,M
Jó,M
Jomila-Lucía,F
Jonah,M
Jonas,M
Jonata,M
Jonatã,M
Jonatã,M
Jonatão,M
Jónatas,M
Jónatas,M
Jonatha,M
Jonathane,M
Jonathan,M
Jonathas,M
Jóni,M
Jóni,M
Jon,M
Jonyfer,F
Jood,M
Joquebede,F
Joraide,F
Jorcel,M
Jordana,F
Jordan,M
Jordanna,F
Jordano,M
Jordi,M
Jorge,M
Jorzana,F
Josana,F
Joseane,F
Joseanne,F
Joseany,F
Joseberto,M
José,F
Josefa,F
Josefhi,M
Josefina,F
Josélia,F
Josélia,F
Joselina,F
Joseline,F
Jose,M
José,M
José,M
JOSÉ,M
Josemara,F
Josemar,M
Joseph,M
Josh,M
Joshua,M
Josiana,F
Josiane,F
Josianne,F
Josiany,F
Josias,M
Josiel,M
Josimar,M
Josino,M
Jossara,F
Josué,M
Josué,M
Josy,F
Jottália,F
Joumana,F
Jovana,F
Jovani,M
Jovânio,M
Jovanny,M
Jovany,M
Joviano,M
Joya,F
Joyce,F
Joyciane,F
Jozefina,F
Juanita,F
Juan,M
Jubin,M
Juceila,F
Jucelene,F
Jucemara,F
Jucilino,M
Jude,M
Júdice,M
Judite,F
Judith,F
Juel,M
Juelma,F
Juelson,M
Juisney,F
Julaica,F
Julciane,F
Julen,M
Jules,M
Júlia,F
Julia,F
Júlia,F
Juliana,F
Julian,M
Julián,M
Juliann,M
Juliano,M
Juliany,F
Julião,M
Julião,M
Julie,F
Juliê,F
Julien,M
Julieta,F
Juliet,F
Julieth,F
Juliette,F
Juli,F
Juline,F
Julinha,F
Júlio,M
Julio,M
Júlio,M
Jullia,F
Júllia,F
Julyvalda,F
Jumina,F
Jumiro,M
Juna,F
Junaid,M
Junayed,M
June,F
Júnia,F
Júnio,M
Júnio,M
Júnior,M
Junior,M
Júnior,M
Junira,F
Junkai,M
Junlei,M
Jun,M
Juno,F
Juno,M
Junwei,M
Junxiao,M
Junxi,M
Junxin,M
Junzhe,M
Jusilene,F
Jussara,F
Jussélia,F
Justa,F
Justice,M
Justin,M
Justo,M
Juvenal,M
Juweyriyah,F
Jyanio,M
Jysea,F
Kabigya,M
Kabir,M
Kadiatou,F
Kadidjatou,F
Kadija,F
Kadijah,F
Kadilson,M
Kadirkhan,M
Kaela,F
Kael,M
Kaelson,M
Kaelyn,F
Kahel,M
Kahil,M
Kahine,M
Kaiden,M
Kaidi,M
Kaidó,M
Kailane,F
Kailani,F
Kailanny,F
Kailany,F
Kailia,F
Kaillan,M
Kailon,M
Kaily,F
Kai,M
Kaiming,M
Kaio,M
Kaique,M
Kaiser,M
Kaiwen,M
Kajatou,F
Kalebe,M
Kaleb,M
Kaleny,M
Kálida,F
Kalile,M
Kalyani,F
Kamal,M
Kamila,F
Kámilah,F
Kamilla,F
Kamilly,F
Kamil,M
Kamoliddin,M
Kamran,M
Kámya,F
Kane,M
Kanika,F
Kaniksha,F
Kanish,M
Karamjot,M
Karan,M
Kareem,M
Kareena,F
Kareen,F
Karen,F
Kariany,F
Karima,F
Karimato,F
Karina,F
Karine,F
Karin,F
Karing'ö,M
Karinna,F
Karisa,F
Karlo,M
Karminia,F
Karmjot,F
Karnjeet,F
Karol,F
Karolina,F
Karoline,F
Karoliny,F
Karolyna,F
Kartik,M
Karynne,F
Kashmala,F
Kaspar,M
Kássia,F
Kassia,F
Kassie,F
Kassimara,F
Kâssya,F
Kássya,F
Kassyane,F
Kassyani,F
Kasyab,M
Kataleya,F
Katalleya,F
Katalya,F
Katarina,F
Kate,F
Katelynn,F
Katerina,F
Katerin,F
Katharina,F
Katherine,F
Kathleen,F
Kathrine,F
Kathya,F
Katia,F
Kátia,F
Katie,F
Katilene,F
Katiusca,F
Katrin,F
Kattleya,F
Kauã,M
Kauã,M
Kauana,F
Kauan,M
Kauãn,M
Kauara,F
Kauê,M
Kausar,F
Kaven,M
Kavina,F
Kavya,F
Kawame,M
Kawan,M
Kawaren,M
Kaya,F
Kayana,F
Kayani,F
Kayannie,F
Kayara,F
Kayck,M
Kayden,M
Kayel,M
Kayene,M
Kayera,F
Kayke,M
Kayla,F
Kaylane,F
Kaylanne,F
Kayleen,F
Kayleigh,F
Kayle,M
Kaylen,F
Kaylie,F
Kaylin,F
Kaylla,F
Kay,M
Kayma,F
Kayna,F
Kayo,M
Kayque,M
Kayra,F
Kayron,M
Kayson,M
Kayssa,F
Kayu,M
Kayvan,M
Kazuki,M
Keanu,M
Keany,M
Kédiany,F
Keerat,F
Ke,F
Keicy,M
Keidan,M
Keid,M
Keijy,M
Keiko,F
Keila,F
Keilane,F
Keilany,F
keilla,F
Keilly,F
Keily,F
Keimilly,F
Keira,F
Keison,M
Keissim,F
Keissy,F
Keitlyn,F
Keity,F
Keiyan,M
Kelby,M
Kélcia,F
Kelcio,M
Kélcio,M
Kelen,F
Keliane,F
Keliany,F
Kellen,F
Kellen,M
Kellvin,M
Kellyane,F
kelly,F
Kelly,F
KellY,F
kellyne,F
Kellyne,F
Kellyn,F
Kellyson,M
Kelmy,F
Kelshia,F
Kélsia,F
Kelsie,F
Kelson,M
Kelsonn,M
Kelsy,F
kelton,M
Kelton,M
Kelve,M
Kelvim,M
kelvin,M
Kelvin,M
Kelvio,M
Kelvis,M
Kelvy,M
Kelvyn,M
Kélya,F
Kélyan,M
Kely,F
Kemer,M
Kemily,F
Kenay,M
Kendall,F
Kenderson,M
Kendji,M
Kendra,F
Kendrick,M
Kendro,M
Kendy,M
Kener,M
Kénia,F
Kênia,F
Kenilson,M
Keniz,M
Ken,M
Kennedy,M
Kénnedy,M
Kenny,M
Kenshin,M
Kentia,F
Kenya,F
Kenye,M
Kenylson,M
Kenza,F
Kenzie,F
Kenzi,F
Kenzi,M
Kenzo,M
Kenzu,M
Kenzy,M
Kéren,F
Keren,F
Keri,F
Kérinha,F
Kerson,M
Késia,F
Késia,F
Késmen,M
Késsia,F
Kessia,F
Késsia,F
Kessya,F
Kessyah,F
Kessyane,F
Kethellen,F
Ketleliny,F
Ketlen,F
Ketley,F
Ketlyn,F
Kétsonn,M
Kévan,M
Kevan,M
Kevem,M
Keven,M
Kevil,M
Kévim,M
Kevim,M
kévim,M
Kévim,M
Kevin-Cosmin,M
Kevindeep,M
Kevin,F
kevin,M
Kévin,M
Kevin,M
Kévin,M
Kevyn,M
Kexin,F
Keya,F
Keyan,M
Keyanna,F
Keyden,M
Keyla,F
Keyliane,F
Keylla,F
Keyllen,M
Keylor,M
Keyna,F
Keynara,F
Keyson,M
Kezia,F
Keziah,F
Kezyo,M
Khadidiato,F
Khadidiatou,F
Khadija,F
Khadime,M
Khael,M
Khaila,F
Khaled,M
Khaleed,M
Khaleesi,F
Khalisa,F
Khando,F
Kharen,F
Khauã,M
Khaymara,F
Khélio,M
Kherunissa,F
Kheylla,F
Khiara,F
Khiiara,F
Khloe,F
Khloé,F
Khristopher,M
Khristyan,M
Khushmeet,F
Khushpreet,F
Khusi,F
Khyara,F
Kiame,M
Kiami,F
Kiami,M
Kiamy,F
Kiamy,M
Kiana,F
Kiane,M
Kian,M
Kianna,F
Kiany,F
Kiany,M
kiara,F
Kiara,F
Kiari,M
Kiaro,M
Kiary,M
Kidiana,F
Kiell,M
Kienda,M
Kiendra,F
Kienyelson,M
Kiese,M
Kiesse,F
Kiesse,M
Kieza,F
Kiezi,M
Kifáni,M
Kihara,F
Kihelton,M
Kiiari,M
Kija,F
Kiláry,F
Kiluange,M
Kiluanji,M
Kimberly,F
Kimi,M
Kimon,M
Kimora,F
Kinan,M
Kinia,F
Kion,M
Kira,F
Kiratiya,F
Kirian,F
Kirill,M
Kiril,M
Kirina,F
Kirpagurasis,F
Kirtan,M
Kisa,F
Kishani,F
Kissamá,M
Kissia,F
Kiuma,F
Kiven,M
Kiyaan,M
Kiya,F
Kiyan,M
Kizua,M
Klara,F
Klaudia,F
Klaus,M
Kleber,M
Kléber,M
Kledilson,M
Kleiton,M
Klementyna,F
Klery,F
Kleydilson,M
Kleyton,M
Klinsmann,M
Klismman,M
Koa,M
Koh,M
Konstantin,M
korine,F
Kostyantyn,M
krasimir,M
Krasimir,M
Kremena,F
Kripa,F
Kripal,M
Krisha,F
Krishang,M
Krishant,M
Krish,M
Krishna,F
Krishna,M
Krishpa,F
Krishti,F
Krisht,M
Krisma,F
Krisnnara,F
Krissandra,F
Kristelle,F
Kristian,M
Kristi,F
kristina,F
Kristina,F
Kristopher,M
Krrish,M
Krutgna,F
Krystal,F
Kuandi,M
Kunashe,M
Kunchok,M
Kushal,M
Kush,M
Kwame,M
Kweli,M
Kwenda,M
Kwima,F
Kyami,M
Kyana,F
Kyandro,M
Kyane,M
Kyan,M
Kyanna,F
Kyanpreet,M
kyara,F
Kyara,F
Kyarah,F
Kyari,M
Kydyane,M
Kyesse,F
Kygia,F
Kyla,F
Kylain,M
Kyle,M
Kylian,M
Kylie,F
Kyllen,M
Kymani,M
Kynara,F
Kyomara,F
Kyra,F
Labib,M
Lacey,F
Lachezar,M
Lael,M
Laelson,M
Laércia,F
Laércio,M
Laércio,M
Laerson,M
Laerte,M
Laetitia,F
Laia,F
Laibah,F
Laidija,F
Laila,F
Laima,F
Laine,F
Lairton,M
Laisa,F
Laís,F
Lais,F
Laís,F
Laíssa,F
Laissa,F
Laiyanne,F
Laíz,F
Laizi,F
Lakisha,F
Lakshmi,F
Laksmi,F
Lamarana,M
Lamisa,F
Lana,F
Lancelot,M
Landon,M
Lania,F
Lânica,F
Lanica,F
Lanna,F
Lapo,M
Lara,F
Larayumi,F
Lariana,F
Lariane,F
Larisa,F
Larissa,F
Láriza,F
Larson,M
Larysa,F
Laryssa,F
Lasilis,F
Lassana,M
Lathifa,F
Latifa,F
Latifah,F
Lauane,F
Laudário,M
Laudinei,M
Laura,F
Laureana,F
Laureanny,F
Laurel,F
Laurena,F
Lauréna,F
Laurenço,M
Lauren,F
Laurentina,F
Laurentino,M
Laurentiu,M
Laurent,M
Laurinda,F
Laurindo,M
Lauro,M
Lauryane,F
Lauryn,F
Lavesh,M
Lavínia,F
Lavinia,F
Lavínia,F
Lavonne,F
Lawan,F
Lawrence,M
Laya,F
Layana,F
Layane,F
Layan,F
Layanne,F
Layara,F
Laydi,F
Layena,F
Layla,F
Laymir,M
Layne,F
Layra,F
Layron,M
Laysa,F
Lays,F
Laysla,F
Layssa,F
Lazar,M
Lázaro,M
Lázaro,M
Léa,F
Lea,F
Léa,F
Leah,F
Léana,F
Leana,F
Leando,M
Leandra,F
Léandro,M
Leandro,M
Leane,F
Léane,F
Lêan,F
Leanje,F
Léanna,F
Léanna,F
Léanor,F
Léccio,M
Lechen,M
Lécio,M
Lecticia,F
Lectícia,F
Ledilson,M
Ledinilson,M
Ledison,M
Leea-Miriam,F
Lee,M
Leena,F
Leetif,F
Le,F
Leia,F
Leidivan,F
Leidson,M
Leila,F
Leisiana,F
Leismy,F
Leiza,F
Lekbira,F
Lemba,F
Lemos,M
Lemuel,M
Léna,F
Lena,F
Lendro,M
Lénia,F
Lenicy,F
Leni,F
Lenilson,M
Lenine,M
Leninha,F
Lenin,M
Lenira,F
Lenise,F
Lennon,M
Lenny,M
Leny,M
Leocádia,F
Leodvaldo,M
Leofátima,F
Léo,M
Leo,M
Léo,M
Leomara,F
Leona,F
Leonara,F
Leonard,M
Leonardo,M
Leone,F
Léone,F
Leonel,M
Leonelson,M
Leónia,F
Leónia,F
Leónidas,M
Leonídio,M
Leonid,M
Leonilde,F
Leonildo,M
Léon,M
Leon,M
Léon,M
Leonna,F
Leonny,F
Leonora,F
leonor,F
Léonor,F
Leonôr,F
Leonor,F
LEONOR,F
Leontie,M
Leontina,F
Léo-Paul,M
Leopold,M
Leopoldo,M
Lesane,M
Lésio,M
Leslie,F
Lethícia,F
Lethicia,F
Letian,M
Letícia,F
Leticia,F
Letícia,F
Leticya,F
Letissia,F
Letízia,F
Letizia,F
Letízia,F
Letycia,F
Levi-Jordan,F
Levi,M
Leví,M
Levine,M
Lev,M
Levy,M
Lewie,M
Lewish,M
Lewis,M
Lexie,F
Lex,M
Leya,F
Leyane,F
Leydilson,M
Leyla,F
Leyon,M
Lhajin,F
Lhayum,F
Lheônidas,M
Lhuzie,F
Lhya,F
Lhyam,M
Lia,F
Liah,F
Liam,M
Liana,F
Liandro,M
Liane,F
Liang,F
Lian,M
Lianna,F
Lianne,F
Lianny,F
Liano,M
Lianor,F
Liany,F
Liara,F
Libânia,F
Libânio,M
Liberato,M
Libiane,F
Lícia,F
Lícia,F
Liciana,F
Liciane,F
Licínia,F
Licínia,F
Licínio,M
Lídia,F
Lidia,F
Lídia,F
Lidiana,F
Lidiane,F
Lidiany,F
Lidija,F
Lídio,M
Liduína,F
Liduína,F
Liedson,M
Lielson,M
Liennson,M
Lígia,F
Lígia,F
Ligiane,F
Lihatan,F
Lika,F
Lila,F
Lília,F
Lilia,F
Lília,F
Liliam,F
Liliana,F
Liliane,F
Lilian,F
Lilianna,F
Liliany,F
Liliia,F
Lilliana,F
Lilly,F
Lil,M
Lilu,F
Lilya,F
Lily,F
Lina,F
Lincoln,M
Linda,F
Linder,M
Lindha,F
Linette,F
Linjing,F
Lino,M
Linus,M
Linwan,F
Lionela,F
Lionel,M
Lionésio,M
Lior,M
Lipika,F
Lira,F
Líria,F
Liriane,F
Liri,M
Liroy,M
Lisa,F
Lisana,F
Lisandra,F
Lisandro,M
Lisbon,F
Lisdalyne,F
Lis,F
Lissa,F
Lissandra,F
Lisuarte,M
Litana,M
Litos,M
Liv,F
Lívia,F
Livia,F
Lívia,F
Lívio,M
Liviu,M
Livya,F
Liwilson,M
Liya,F
Liyana,F
Liyao,F
Liza,F
Lizandra,F
Liz,F
Liziane,F
Lízi,F
LLyhara,F
Loana,F
Loane,F
Lobo,M
Lochlainn,M
Logan,M
Lohana,F
Lohan,M
Loïc,M
Loide,F
Loíka,F
Lola,F
lonela,F
Lonnell,M
Lopo,M
Lorea,F
Loredana,F
Lorena,F
Lorenna,F
Lorenza,F
Lorenzo,M
Lorenzó,M
Lorenzzo,M
Loreta,F
Loriana,F
Loriane,F
Lorie,F
Lorine,F
Lorraine,F
Lorrainy,F
Lotte,F
Louana,F
Louane,F
Louan,M
Lou-Anna,F
Louca,M
Loucia,F
Lou,F
Louie,M
Louisa,F
Louise,F
Louíse,F
Louis,M
Louison,F
Lourdes,F
Lourenço,M
Lourenço,M
Lourenzo,M
Lovleen,F
Lowrannie,F
Luaan,M
Lua-Anu,F
Lua,F
Luai,F
Luai,M
Luamy,F
Luana,F
Luanda,F
Luane,F
Luani,F
Lúan,M
Luan,M
Luanna,F
Luanny,F
Luany,F
Luara,F
Luath,M
Luati,M
Luaty,M
Lubcho,M
Lucah,M
Luca,M
Lucas,M
Lucca,M
Luccas,M
Lúcia,F
Lucía,F
Lucia,F
Lucía,F
Lúcia,F
Luciana,F
Luciane,F
Lucian,M
Luciano,M
Lucie,F
Luciel,M
Luciena,F
Luciene,F
Lucile,F
Lúcileny,F
Lucília,F
Lucília,F
Lucily,F
Lúcio,M
Lucio,M
Lúcio,M
Luckas,M
Lucy,F
Lucymar,F
Ludgero,M
Ludiana,F
Ludiany,F
Ludima,F
Ludmila,F
Ludovic,M
Ludovico,M
Ludyanne,F
Luege,F
Lueji,F
Luena,F
Luenna,F
Luiana,F
Luicilene,F
Luigi,M
Lui,M
Luine,F
Luinysa,F
Luísa,F
Luisa,F
Luísa,F
LUÍSA,F
Luisandro,M
Luisberto,M
Luisie,F
Luís,M
Luis,M
Luís,M
Luiyane,F
Luiza,F
Luíza,F
Luizandro,M
Luizinho,M
Luiz,M
Luka,M
Lukas,M
Lukás,M
Luke,M
Lukénia,F
Lukeni,F
Lukeni,M
Lukenny,M
Lukenya,F
Lukeny,M
Lukian,M
Lumena,F
Luna,F
Lunah,F
Lunara,F
Lune,F
Luniva,F
Lunna,F
Lunnah,F
Luno,M
Luqman,M
Lurdes,F
Lúriah,F
Luriam,F
Luriane,F
Luri,M
Lusiyana,F
Lutiero,M
Luviano,M
Luwejíyane,F
Luyana,F
Luyane,F
Luz,F
Luzia,F
Luzingu,F
Luzy,F
Lwane,M
Lwazi,M
Lweji,F
Lwena,F
Lwezzy,F
Lya,F
Lyah,F
Lyam,M
Lyana,F
Lyandra,F
Lyane,F
Lyanie,F
Lyani,F
Lyan,M
Lyanne,F
Lyann,M
Lyara,F
Lyaren,F
Lyedson,M
Lylian,F
Lynn,F
Lyon,M
Lyra,F
Lyrics,M
Lysie,F
Lyssa,F
Lyubomyr,M
Lyvia,F
Maahin,M
Maahirah,F
Maahniya,F
Maal,F
Maaniya,F
Maanvika,F
Maaz,M
Mabel,F
Mabell,F
Mabinty,F
Mabrouka,F
Macarena,F
Macar,M
Maciel,M
Macsim,M
Madail,F
Madalena,F
Madalina,F
Madani,M
Maddalena,F
Maddelyn,F
Maddox,M
Madeha,F
Madeleine,F
Madelene,F
Madercia,F
Madison,F
Madison,M
Madjer,M
Mads,M
Madu,M
Maeda,F
Maéline,F
Mael,M
Maëlys,F
Maëlys,F
Maëva,F
Maeva,F
Maezie,M
Mafalda,F
Magalie,F
Magali,F
Magda,F
Magdalena,F
Maggui,F
Magnólia,F
Magno,M
Mago,M
Maguette,F
Mágui,F
Mahad,M
Mahakdip,F
Mahamadou,M
Mahamat,M
Maham,F
Mahdia,F
Maheen,F
Maher,M
Mahezu,M
Mah,F
Mahia,F
Mahib,M
Mahideep,F
Mahi,F
Mahima,F
Mahira,F
Mahir,M
Mahnoor,F
Maia,F
Maïa,F
Maiara,F
Maida,F
Maïdo,F
Maika,F
Maike,M
Maimouna,F
Maimuna,F
Maira,F
Maíra,F
Mair,M
Mairon,M
Maísa,F
Maisa,F
Maísa,F
Maisah,F
Maisam,F
Maisha,F
Maison,M
Maite,F
Maitê,F
Maitê,F
Maja,F
Majd,M
Makar,M
Makayla,F
Makaylo,M
Maksim,M
Maksymilian,M
Maksym,M
Malaika,F
Malakai,M
Malak,F
Malam,M
Malaquias,M
Malav,M
Malaz,F
Malcolm,M
Malcom,M
Maldine,M
Malek,M
Malena,F
Malía,F
Malia,F
Malick,M
Malie,F
Mali,F
Malika,F
Malik,M
Maloujane,F
Málua,F
Malu,F
Malú,F
Malvika,F
Malvin,M
Malvyna,F
Mamadou,F
Mamadou,M
Mamadu,M
Mamadú,M
Mamadú,M
Mama,F
MaMa,F
Mamede,M
Mame,F
Manahil,F
Manaia,F
Manan,M
Manassa,F
Manasseh,M
Manassés,M
Manassés,M
Manasvi,F
Manav,M
Manel,M
Man,F
Manhaafrose,F
Manha,F
Manish,M
Manjot,M
Mankirat,F
Man,M
Manmeet,F
Mannat,F
Mann,M
Mannoor,M
Manoel,M
Manon,F
Manraj,F
Manraj,M
Manreet,F
Manshit,M
Mansi,F
Mansikha,F
Mansirat,F
Manteg,M
Mantejpreet,M
Manthan,M
Manthima,F
Manuela,F
Manuella,F
Manuelly,F
Manuel,M
Manu,M
Manveer,M
Manvir,M
Mara,F
MARA,F
Mara-Grace,F
Marah,F
Marbin,M
Marcela,F
Marcelina,F
Marcelino,M
Marcella,F
Marcelle,F
Marcel,M
Márcel,M
Marcelo,M
Marcéu,M
Márcia,F
Marcia,F
Márcia,F
Marciana,F
Marciela,F
Marcílio,M
Márcio,M
Márcio,M
Marc,M
Marco,M
Marcos,M
Marcus,M
Maré,F
Marflor,F
Margareta,F
Margaret,F
Margarida,F
Margariga,F
Margarita,F
Margaritta,F
Margaryta,F
Margherita,F
Margot,F
Marguerita,F
Marguerite,F
Mária,F
María,F
Maria,F
Mária,F
Mariah,F
MariaLuísa,F
Maria-Luís,F
Maria-Luiza,F
Maria,M
Mariama,F
Mariamar,F
Mariame,F
Mariam,F
Mariana,F
Mariane,F
Marian,M
Marianna,F
Marianne,F
Mariano,M
Maribel,F
Mariea,F
Marie,F
Mariela,F
Marieta,F
Mari,F
Mariia,F
Marija,F
Marilda,F
Marília,F
Marilia,F
Marília,F
Marilinda,F
Marilu,F
Mariluz,F
Marilyn,F
Marilza,F
Marina,F
Marinela,F
Marinha,F
Marin,M
Marino,M
Mário,M
Mario,M
Mário,M
Marionela,F
Marion,F
Marisa,F
Marisela,F
Marisol,F
Maristela,F
Marita,F
Marius,M
Mariusz,M
Mariya,F
Máriyah,F
Máriyah,F
Mariza,F
Markel,M
Markiyan,M
Mark,M
Marko,M
Markus,M
Marlayna,F
Marle,F
Marlene,F
Marlen,F
Marley,M
Marlice,F
Marli,F
Marline,F
Marlise,F
Marlita,F
Marlom,M
Marlon,M
Marlos,M
Marluí,F
Marlyn,M
Marouane,M
Marquelle,M
Marques,M
Marselo,M
Mars,M
Marta,F
Martha,F
Marthin,M
Marthyn,M
Martiano,M
Martí,M
Martim,M
Martina,F
Mártina,F
Martinha,F
Martinho,M
Martín,M
Martin,M
Martín,M
Mártin,M
Martino,M
Martins,M
Martyn,M
Marvin,M
Márvin,M
Marvyn,M
Marwa,F
Marwane,M
Marya,F
Maryah,F
Maryam,F
Maryana,F
Marybel,F
Marycel,F
Mary,F
Marygots,M
Maryon,F
Maryon,M
Marysol,F
Masal,M
Mason,M
Masroor,M
Mateen,M
Matei,M
Matéo,M
Mateo,M
Mateus,F
Mateus,M
Mathéo,M
Matheo,M
Mathéo,M
Matheus,M
Mathias,M
Mathieu,M
Mathilda,F
Mathilde,F
Mathis,M
Matías,M
Matias,M
Matías,M
Matibino,M
Matide,F
Matilda,F
Matilde,F
Mátio,M
Matis,M
Matisse,M
Matísse,M
Mats,M
Matteo,M
Mattheo,M
Matthew,M
Matthias,M
Mattia,M
Matti,M
Matusalém,M
Matvei,M
Matvey,M
Matvii,M
Matviy,M
Matz,M
Mauan,F
Maura,F
Maureen,F
Maurice,M
Maurícia,F
Maurício,M
Maurício,M
Maurílio,M
Mauri,M
Mauro,M
Mavi,M
Mawete,M
Maximiano,M
Maximilen,M
Maximilian,M
Maximiliano,M
Maxim,M
Máximo,M
Máximo,M
Maximus,M
Maxine,F
Max,M
Maxuwell,M
Maxwell,M
Maya,F
Mayagi,F
Mayana,F
Mayane,F
Mayank,M
Mayara,F
Mayce,F
Maycon,M
Mayla,F
Maylee,F
Maylen,M
Mayline,F
Maylis,F
Maylson,M
Mayra,F
Mayronne,M
Maysa,F
Mayson,M
Mayza,F
Mazea,F
MD,M
MD.,M
Mea,F
Medea,F
Medeea,F
Me-Diné,M
Meera,F
Meer,M
Meeryam,F
Megan,F
Meggi,F
Meghan,F
Megh,M
Mehak,F
Mehdi,M
Mehjabeen,F
Mehribon,F
Mei,F
Meiyi,F
Melânia,F
Melania,F
Melânia,F
Mélanie,F
Melanie,F
Melánie,F
Mélanie,F
Melaniya,F
Melannie,F
Melanye,F
Melany,F
Melek,F
Mel,F
Mélina,F
Melina,F
Melinda,F
Mélinda,F
Méline,F
Melinie,F
Melisa,F
Mélisande,F
Mélissa,F
Melissa,F
Mélissa,F
Mellanie,F
Mellanye,F
Mellany,F
Mellyssa,F
Mel,M
Melodia,F
Melodie,F
Mélodie,F
Melody,F
Melqui,M
Melquisedec,M
Melquizedeque,M
Melvin,M
Mélvin,M
Melvy,M
Melvyn,M
Melynda,F
Melyssa,F
Mélyssa,F
Mendo,M
Meng,F
Meng,M
Mengqi,F
Menhaz,M
Mercedes,F
Mercês,F
Mercês,F
Mércia,F
Merciane,F
Meregaly,M
Merícia,F
Merita,F
Merlin,M
Merydjene,F
Meryem,F
Meryk,M
Mesaque,M
Messias,M
Messi,M
Meyde,F
Meyra,F
Meyson,M
Mezut,M
M'Hammed,M
Mia,F
Miah,F
Micaela,F
Micaella,F
Micael,M
Micaelsun,M
Micah,M
Micaias,M
Mical,F
Michael,M
Michaël,M
Michail,M
Michal,M
Michele,F
Micheli,F
Michelle,F
Michell,F
Michell,M
Michelly,F
Michel,M
Michelson,M
Mickaela,F
Mickael,M
Mickelly,F
Midha,F
Mieji,F
Miftah,F
Miftaul,F
Miglena,F
Miguela,F
Miguelangelo,M
Miguel,M
Mihaela,F
Mihail,M
Mihai,M
Mihir,M
Mikaela,F
Mikaele,M
Mikaelly,F
Mikael,M
Mikail,M
Mika,M
Mikayil,M
Mikel,M
Mike,M
Mikhael,M
Mikhail,M
Mikha',M
Mikita,M
Milade,M
Mila,F
Milana,F
Milan,M
Milano,M
Milany,F
Mileida,F
Mileide,F
Miléna,F
Milena,F
Milene,F
Miley,F
Mileyna,F
Milinda,F
Milo,M
Mílton,M
Milton,M
Mílton,M
Mina,F
Mindo,M
Minerva,F
Minerva,M
Mingcheng,M
Ming,M
Mingsohang,M
Minhal,M
Minka,F
Minodora,F
Miqueias,M
Mira,F
Miranda,F
Miran,M
Mircya,F
Mireia,F
Mirela,F
Mirella,F
Mireya,F
Miria,F
Miriã,F
Miriam,F
Miriam,M
Mirian,F
Miriãn,F
Mirna,F
Miron,M
Miroslava,F
Miroslav,M
Miroslavo,M
Mirson,M
Miruna,F
Miryam,F
Miryan,F
Mirzobek,M
Misaela,F
Misael,M
Misaki,M
Misaquel,M
Misha,F
Mishal,F
Misthi,F
Mitko,M
Mivaan,M
Miya,F
Mizael,M
Mizuki,F
Mladen,M
M'mahawa,F
M'ma,M
Moana,F
Mogli,M
Mohamad,M
Mohamado,M
Mohamadu,M
Mohamed,M
Mohammad,M
Mohammadou,M
Mohammed,M
Mohidin,M
Mohkamdeep,M
Moira,F
Moisés,M
Moisés,M
Mojo,M
Molly,F
Molosande,M
Momtahana,F
Mona,F
Mónica,F
Monica,F
Mónica,F
Monike,F
Monique,F
Montgomery,M
Monther,M
Moosa,M
Morayooluwa,F
Mordechai,M
Morena,F
Morgana,F
Morgan,M
Mor,M
Moróni,M
Morôni,M
Morvin,M
Mouctar,M
Mouhamadou,M
Mouhamed,M
Mourice,M
Moussan,M
Muamadu,M
Muamed,M
Muaz,M
Mubasshir,M
Muen,F
Mueti,M
Mufaddal,M
Mufaro,F
Muhamad,M
Muhamed,M
Muhammad,M
Muhammed,M
Muhibur,M
Muif,M
Muiz,M
Munir,M
Muntaha,F
Muqadas,F
Muriel,F
Muriel,M
Murillo,M
Murilo,M
Murodjon,M
Murphy,F
Murtaza,M
Murtuza,M
Mushtaribonu,F
Muskan,F
Mussa,M
Mussá,M
Mustafa,M
Mustafá,M
Mutaro,M
Mutiara,F
Mutu,M
Muzante,M
Mya,F
Myany,F
Mycaella,F
Mychel,M
MYi,M
Mykael,M
Mykail,M
Mykhael,M
Mykhail,M
Mykola,M
Mykyta,M
Mylan,M
Mylena,F
Myllena,F
Mymouna,F
Myra,F
Myrella,F
Myriam,F
Myron,M
MZi,M
Naara,F
Nabian,F
Nabil,M
Naby,M
Nadezhda,F
Nádia,F
Nadia,F
Nádia,F
Nadilsa,F
Nadine,F
Nadir,F
Nadir,M
Nadja,F
Nadya,F
Nadyne,F
Naeema,F
Naeem,M
Naer,M
Naery,F
Naèva,F
Nafia,F
Naftali,M
Nageshwar,M
Nagore,F
Nahari,F
Nahary,F
Nahla,F
Nahry,F
Nahuel,M
Nahyma,F
Naia,F
Naiane,F
Naïara,F
Naiara,F
Naíde,F
Naiesha,F
Naila,F
Naíma,F
Naima,F
Naíma,F
Naira,F
Naíra,F
Nair,F
Naísa,F
Naísa,F
Najah,F
Naksh,M
Nalaan,F
Nala,F
Nalan,F
Naleyde,F
Nalini,F
Namaaha,F
Naman,M
Namaro,M
Nami,F
Namira,F
Namita,F
Nanci,F
Nancy,F
Nando,M
Nándor,M
Nanieno,M
Nani,M
Naomi,F
Nara,F
Naraiana,F
Narajuna,M
Narcélio,M
Nariel,F
Naril,M
Narsil,M
Nash,M
Nasra,F
Natacha,F
Natália,F
Natalia,F
Natália,F
Natali,F
Natalina,F
Natanaela,F
Natanael,M
Nataniela,F
Nataniel,M
Natan,M
Natanyas,M
Natanyel,M
Natasha,F
Natchala,F
Natércia,F
Natércia,F
Nathalia,F
Nathália,F
Nathalie,F
Nathanael,M
Nathaniel,M
Nathan,M
Nathanyel,M
Natshara,F
Nauandy,F
Naulan,M
Naulila,F
Navid,M
Navraj,M
Navroop,M
Navroz,F
Navsirat,F
Nawabjit,M
Nawal,F
Nawany,F
Nawaz,M
Naya,F
Nayanka,F
Nayan,M
Nayara,F
Nayára,F
Nayarah,F
Nayel,F
Nayeli,F
Nayelle,F
Nayende,F
Nayla,F
Naylah,F
Nayleen,F
Naylla,F
Naylson,M
Nayma,F
Nayomi,F
Nayra,F
Nayr,F
Naysha,F
Naysir,F
Nayuca,F
Nazaré,F
Nazaré,F
Nazariel,F
Nazário,M
Nazariy,M
Nazar,M
Naziat,F
Naziriti,F
Nazir,M
Ndaye,F
N'deye,F
Ndeye,F
Ndiack,M
Neadil,F
Neal,M
Necline,F
Nectaria,F
Nectarie,M
Neculai,M
Nedilsom,M
Nedilson,M
Nedylson,M
Neel,M
Neemias,M
Neena,F
Neerzara,F
Neevan,M
Neev,M
Nehan,M
Neide,F
Neidiane,F
Neidiany,F
Neidi,F
Neidivana,F
Neima,F
Neimara,F
Neimilson,M
Neise,F
Neivalda,F
Neivaldo,M
Neivania,F
Nejra,F
Nelciane,F
Nélcio,M
Nelcy,F
Nel,F
Nélia,F
Neli,F
Nélio,M
Nelio,M
Nélio,M
Neliza,F
Nellyane,F
Nelly,F
Nelo,M
Nelsa,F
Nelsiany,F
Nélson,M
Nelson,M
Nélson,M
Nelssy,F
Nelvin,M
Nely,F
Nemésio,M
Nene,F
Nené,F
Neomi,F
Nercio,M
Nerea,F
Nereida,F
Neria,F
Nerik,M
Nerissa,F
Nérsys,M
Nesilita,F
Nessie,F
Nesta,F
Netka,F
Neusa,F
Neuza,F
Nevaan,M
Nevelly,F
Nevena,F
Névia,F
Neville,M
Neyanne,F
Neydiani,F
Neylissa,F
Neyllin,F
Neyma,F
Neymar,M
Neyton,M
Nezzar,M
Ngenda,F
Nghoite,F
Nhalim,F
Nhangi,F
Nhiblo,F
Nhima,F
Nia,F
Niah,F
Niansh,M
Niara,F
Niccolo,M
Nice,F
Nichita,M
Nicholas,M
Nícia,F
Nicklas,M
Nick,M
Nicky,F
Nicodemo,M
Nicodemos,M
Nicolae,M
Nicolai,M
Nicola,M
Nícolas,M
Nicolas,M
Nicolás,M
Nícolas,M
Nicolau,M
Nicolay,M
Nicole,F
Nicoleta,F
Nicol,F
Nicollas,M
Nicolle,F
Nicolly,F
Nicol,M
Nicoló,M
Nicoly,F
Nidhaan,M
Nidhi,F
Nídia,F
Nidía,F
Nídia,F
Nidiana,F
Nidiane,F
Nídio,M
Ni,F
Nigeta,F
Nigina,F
Nihal,F
Nihal,M
Nika,F
Niki,F
Nikita,F
Nikita,M
Nikitas,M
Niklas,M
Nik,M
Nik-Nikita,M
Nikolai,M
Nikola,M
Nikolas,M
Nikolay,M
Nikole,F
Nikol,F
Nikolly,F
Nilde,F
Nildo,M
Nilisha,F
Nil,M
Nilmar,M
Nilo,M
Niloy,M
Nilroib,M
Nilsiane,F
Nilson,M
Nilton,M
Nilüfer,F
Nilza,F
Nimba,M
Nimi,F
Nimilukeyne,F
Nimrat,F
Nina,F
Ninara,F
Ning,M
Nino,M
Niones,M
Niraj,M
Nirbhay,M
Nirian,F
Niriani,F
Nirianí,F
Nirina,F
Nirjala,F
Nirmay,M
Nirnaya,M
Nirvair,M
Nirvana,F
Nisa,F
Nishan,M
Nishtha,F
Nísia,F
Nísia,F
Nísio,M
Nitai,M
Nivaldina,F
Nivaldo,M
Niza,F
Nizar,M
Njinga,F
Njolela,F
Nkiame,F
Nkula,F
N'Nasta,F
Noa,F
Noá,F
Noah,F
Noah,M
Noa,M
Noam,M
Noecris,F
Noelia,F
Noelís,F
Noelle,F
Noel,M
Noely,F
Noe,M
Noé,M
Noé,M
Noémia,F
Noémia,F
Noémi,F
Noemi,F
Noémi,F
Nofil,M
Noha,F
Nolan,M
Nomusa,F
Noor,F
Noorfatema,F
Nora,F
Norah,F
Norberto,M
Nor,F
Norma,F
Nour,F
Nourhane,F
Nripesh,M
Ntimashi,M
Núbia,F
Núbia,F
Nuélia,F
Nuelson,M
Numà,M
Nuna,F
Nuno,M
Nuño,M
Nuo,F
Nura,F
Nur,F
Nür,F
Núria,F
Nuria,F
Núria,F
Nuriel,M
Nuri,M
Nurisha,F
Nuriya,F
Nurjenna,F
Núrya,F
Nuryam,F
Nusaiba,F
Nusaybah,F
Nuwairan,M
Nyah,F
Nyara,F
Nyhara,F
Nyurka,F
Nzambi,F
Oana,F
Oarpa,F
Obiajulu,M
Oceana,F
Océane,F
Océane,F
Oceano,M
Ociana,F
Oclénio,M
Octávia,F
Octavian,M
Octávio,M
Octávio,M
Odair,M
Odairson,M
Odette,F
Odin,M
Ódin,M
Odissei,M
Ofélia,F
Ohana,F
Ohanna,F
Ojasvi,F
Oksana,F
Olávio,M
Olavo,M
Oleg,M
Oleksandra,F
Oleksandr,M
Oleksii,M
Olga,F
Olimpia,F
Olímpio,M
Olinda,F
Olive,F
Oliver,M
Olívia,F
Olivia,F
Olívia,F
Olivier,M
Oliwia,F
Olmo,M
Olsen,M
Oluali,M
Omara,F
Omari,M
Omar,M
Omarson,M
Omayra,F
Omboma,M
Omer,M
Omid,M
Om,M
Onalyz,F
Onassis,M
Onésimo,M
Onofre,M
Orange,F
Orestis,M
Oreuma,F
Or,F
Orfeas,M
Orhan,M
Oriana,F
Oriane,F
Orianna,F
Oriany,F
Oriel,M
Orlanda,F
Orlando,M
Orlania,F
Orquídea,F
Orquídea,F
Orrel,F
Oryana,F
Osama,M
Osasogie,M
Óscar,M
Oscar,M
Oscár,M
Óscar,M
Oseias,M
Oséias,M
Osíris,F
Oskar,M
Osman,M
Osmar,M
Osni,M
Ostara,F
Osvaldeclenia,F
Osvaldo,M
Oswin,M
Otávio,M
Otchali,F
Otchali,M
Otchaly,F
Otelinda,F
Otiano,M
Otília,F
Otilú,M
Otiniel,M
Otis,M
Otniela,F
Otniel,M
Otto,M
Otylia,F
Oualid,M
Oumaima,F
Oumar,M
Oumou,F
Ousmane,M
Ouxuan,F
Ovidiu,M
Owen,M
Ozgur,M
Oziel,M
Oznara,F
Ozodbek,M
Pablo,M
Pagbe,M
Paixão,M
Pak,M
Palina,F
Pallavi,F
Palloma,F
Palmira,F
Paloma,F
Palomá,F
Pamela,F
Pamella,F
Pâmella,F
Pamisha,F
Pandora,F
Pantaleão,M
Paola,F
Paolla,F
Paolo,M
Papa,M
Papa-Ndiogou,M
Pape,M
Papís,M
Papoila,F
Parbhjot,F
Paridhi,F
Parineeti,F
Parini,F
Parisa,F
Paris,F
Páris,M
Parissa,F
Pariti,F
Parker,F
Parleen,F
Parlin,M
Parmeet,M
Parmit,F
Parneet,F
Parno,M
Pasang,M
Pascoal,M
Patrícia,F
Patricia,F
Patrícia,F
Patrício,M
Patrício,M
Patrick,M
Patrik,M
Patrisia,F
Patrizio,M
Paula,F
Paul-Alexandre,M
Paulina,F
Paulinho,M
Paul,M
Paul-Matei,M
Paulo,M
Pável,M
Pavel,M
Pavlo,M
Paz,F
Pearl,F
Peculiar,F
Pedro,M
Pei,M
Pema,F
Pendasecka,F
Penélope,F
Penelope,F
Penélope,F
Penka,F
Penor,F
Pepe,M
Péri,M
Perla,F
Pérola,F
Pérola,F
Perolah,F
Persília,F
Petar,M
Petelson,M
Peter,M
Peterson,M
Petko,M
Petra,F
Petr,M
Petro,M
Petru,M
Pettra,F
Peyton,F
Phelix,M
Philip,M
Philippe,M
Philipp,M
Phillip,M
Philomène,F
Phoebe,F
Pia,F
Piedade,F
Piero,M
Pierre,M
Pieter,M
Pietra,F
Pietro,M
Pilar,F
Pixie,F
Piya,F
Platini,M
Platon,M
Plínio,M
Poliana,F
Policarpo,M
Polina,F
Prabesh,M
Prabhjot,M
Prableen,F
Prachi,M
Pragad,M
Prajna,F
Prakrit,M
Pranavi,F
Pranav,M
Pranay,M
Praneet,M
Pranika,F
Pranish,M
Pranshi,F
Prapti,F
Prashanna,M
Prasiddi,F
Prasoon,M
Pratha,F
Pratius,M
Preciosa,F
Precious,F
Preda,M
Preet,M
Pregua,F
Premal,M
Prem,M
Presig,M
Pretesh,M
Pretty,F
Prezia,F
Prince,M
Princess,F
Príncipe,M
Princy,F
Prinsha,F
Priscianne,F
Priscienne,F
Priscila,F
Priscilla,F
Prishu,F
Pritisha,F
Priyancy,F
Priyani,F
Priyanka,F
Priyanshi,F
Prudência,F
Prudêncio,M
Pui,F
Pukuan,M
Puranjay,M
Purav,M
Pureza,F
Purvi,F
Purvika,F
Pyetra,F
Qasim,M
Qiana,F
Qian,F
Qian,M
Qianyu,F
Qiaoyi,M
Qifan,M
Qihao,M
Qi,M
Qristina,F
Queba,M
Quedna,F
Queiza,F
Quélia,F
Quentin,M
Quéren,F
Quesana,M
Quésia,F
Quessia,F
Quévin,M
Quévin,M
Quézia,F
Quezia,F
Quézia,F
Quiana,F
Quiara,F
Quim,M
Quintazinha,F
Quintino,M
Quirina,F
Raagidatu,F
Raam,M
Rabab,F
Rabia,F
Rachael,F
Rachaell,F
Rachel,F
Rachido,M
Racksha,F
Radassa,F
Radija,F
Radijah,F
Radomir,M
Raducu,M
Radu,M
Rafaela,F
Rafael-Constantin,M
Rafaella,F
Rafaello,M
Rafael,M
Rafaelo,M
Rafaely,F
Rafa,F
Rafa,M
Rafay,M
Raffaello,M
Rafhael,M
Rafia,F
Rafique,M
Raf,M
Rafya,F
Raheel,M
Rahela,F
Rahel,F
Rahemeen,F
Rahid,M
Rahima,F
Rahim,M
Rahma,F
Rahyssa,F
Raiana,F
Raiane,F
Raiany,F
Raiba,F
Raihanny,F
Rai,M
Raimond,M
Raimondo,M
Raina,F
Rainer,M
Rain,M
Raísa,F
Raisa,F
Raísa,F
Raíssa,F
Raissa,F
Raíssa,F
Raiyan,M
Rajanbir,M
Rajina,F
Raj,M
Rajvansh,M
Rajvir,M
Ralph,M
Raluca,F
Ralyatou,F
Ramatoulaye,F
Ramatoullaye,F
Ramatulai,F
Ramazan,M
Rameesha,F
Rami,M
Ramires,M
Ramiro,M
Ramon,M
Ramón,M
Ramsés,M
Ramsés,M
Ramzanbek,M
Ramzy,M
Randeep,M
Ranessa,F
Rangel,M
Rania,F
Ranielly,F
Raniyah,F
Ranveer,M
Ranya,F
Raphaela,F
Raphaella,F
Raphaël-Louis,M
Raphaël,M
Raphael,M
Raphaël,M
Raquel,F
Rares,M
Rasan,F
Raseel,F
Rashi,F
Rassan,M
Rauanny,F
Raúl,M
Raul,M
Raúl,M
Raven,M
Ravidson,M
Ravi,M
Ravneet,F
Rayana,F
Rayane,F
Rayane,M
Rayan,M
Rayanna,F
Rayanne,F
Rayannie,F
Raycha,F
Rayesha,F
Rayhanatou,F
Rayhan,M
Rayirth,M
Rayka,F
Rayla,F
Raylla,F
Raylson,M
Raymond,M
Raymon,M
Rayna,F
Raysa,F
Rayson,M
Rayssa,F
Rayyan,M
Razvan,M
Râzvan,M
Reaganne,F
Reajul,M
Reandra,F
Rebeca-Andreea,F
Rebeca,F
Rebecca,F
Rebecka,F
Rebeka,F
Redam,M
Redhana,F
Reece,F
Reece,M
Reef,M
Reeva,F
Reezma,F
Regan,M
Regiany,F
Regina,F
Reginaldo,M
Rehan,M
Rehmat,F
Reinaldo,M
Reinamor,M
Rejhane,F
Remi,M
Remus,M
Renan,M
Renata,F
Renato,M
Reneckson,M
Rene,M
Reniala,F
Renildo,M
Renilson,M
Rennan,M
Renzo,M
Reson,M
Reuben,M
Reuel,M
Reury,M
Reyansh,M
Reyes,M
Rey,F
Reyna,F
Reytan,M
Rhadassah,F
Rhayssa,F
Rhebekka,F
Rhénan,M
Rhianna,F
Rhoda,F
Rhuana,F
Rhuan,M
Rhyan,M
Rhyanne,F
Rhys,M
Rhythm,M
Riaan,M
Riana,F
Rian,M
Ribana,F
Ribiya,F
Riby,M
Ricarda,F
Ricardina,F
Ricardo,M
Riccardo,M
Ricco,M
Richad,M
Richard,M
Richesse,M
Rícia,F
Rick,M
Rickson,M
Rickyana,F
Ricky,M
Rider,M
Rifat,M
Riham,F
Rihana,F
Rihanna,F
Rijan,M
Rijula,F
Rikelme,M
Riley,M
Rillescas,M
Riman,F
Rimas,F
Rinelva,F
Ringo,M
Rinoyshka,F
Rio,F
Rio,M
Riquelme,M
Riquelmer,M
Riquelmo,M
Risab,M
Rishabh,M
Rishant,M
Rissia,F
Rita,F
Ritaj,F
Ritalino,M
Ritha,F
Ritiz,M
Riva,F
Rivaldo,M
Rivan,M
River,M
Rivka,F
Riyaa,F
Riyad,M
Riyam,F
Riyan,M
Roana,F
Roann,F
Robella,F
Roberta,F
Robert,M
Roberto,M
Robin,F
Robin,M
Rochoyeta,F
Rocio,F
Rodan,M
Rodney,M
Rodolfo,M
Rodrigo,M
Rodrigues,M
Rody,M
Rogério,M
Rogério,M
Roger,M
Rohan,M
Rojer,M
Rokhaia,F
Rolland,M
Romain,M
Romaisa,F
Romaldo,M
Romana,F
Romane,F
Rôman,M
Roman,M
Román,M
Romão,M
Romão,M
Romario,M
Romário,M
Roméo,M
Romeo,M
Roméo,M
Romérick,M
Romerio,M
Romero,M
Romesh,M
Romeu,M
Romiela,F
Romina,F
Rómulo,M
Rómulo,M
Rômulo,M
Ronak,M
Ronaldo,M
Ronalld,M
Ronan,M
Ronelka,M
Ronilson,M
Ronney,M
Rony,M
Roodney,M
Rooney,M
Roque,M
Rosa,F
Rosália,F
Rosália,F
Rosalie,F
Rosalina,F
Rosalinda,F
Rosamar,F
Rosana,F
Rosângela,F
Rosangela,F
Rosângela,F
Rosária,F
Rosarinho,F
Rosário,F
Rosário,F
Roseane,F
Rosedeep,F
Rose,F
Roshalreet,F
Roshan,M
Roshni,F
Rosiany,F
Rosie,F
Rosil,M
Rosinda,F
Rosita,F
Roslene,F
Roslina,F
Rossana,F
Rossandra,F
Rossano,M
Rostislav,M
Rouguiatou,F
Rouguiyata,F
Roumaysa,F
Rovy,M
Rowan,M
Roxana,F
Roxane,F
Rozalinda,F
Roziane,F
Ruama,F
Ruan,M
Rúben,M
Rubén,M
Ruben,M
Rubén,M
Rúben,M
Rubens,M
Rúbia,F
Rubi,F
Rubi,M
Rubim,M
Rubina,F
Rúbio,M
Rubis,M
Rubsyn,F
Rubyana,F
Ruby,F
Ruby,M
Rúdi,M
Rudi,M
Rúdi,M
Rudolf,M
Rudran,M
Rudson,M
Rudy,M
Ruelma,F
Ruhanika,F
Ruhiyah,F
Ruidney,M
Rui,M
Ruixiao,F
Ruíza,F
Rukélnio,M
Rumen,M
Rumi,M
Runa,F
Runi,M
Ruojie,F
Rushafi,F
Ruslan,M
Russell,M
Russel,M
Rute,F
Rut,F
Ruth,F
Ruthnney,M
Ruwwi,F
Ruxi,F
Rüya,F
Ruy,M
Ruzgyar,M
Ryaan,M
Ryane,M
Ryan,M
Ryara,F
Ryhana,F
Ryhanna,F
Rylan,M
Rynaldo,M
Saad,M
Saadvik,M
Saalsy,F
Saamik,M
Saana,F
Saan,M
Saanvi,F
Sabaahat,F
Sabal,M
Sabhar,M
Sabik,M
Sabina,F
Sabino,M
Sabrina,F
Sabrine,F
Sacha,F
Sacha,M
Sadagi,F
Sade,F
Sadhwin,M
Sádiya,F
Sadiya,F
Sadjo,F
Sadman,M
Safaa,F
Safal,M
Safar,M
Saffira,F
Saffron,F
Safina,F
Sáfira,F
Safira,F
Safiya,F
Safiyah,F
Safiye,F
Safwa,F
Safwana,M
Safwan,M
Sage,M
Sahara,F
Sahas,M
Sahej,M
Sahibdeep,M
Sahibjit,M
Sahib,M
Sahibpreet,M
Sahira,F
Sahory,F
Saiana,F
Saico,M
Saidou,M
Saidy,M
Saifan,M
Saimon,M
Saionara,F
Saisha,F
Saish,M
Sajak,M
Sajeet,M
Sajid,M
Salamata,F
Salatiel,M
Salemata,F
Sales,M
Salete,F
Sali,F
Sáli,F
Sáli,M
Salimatu,F
Salimo,M
Salin,F
Saliu,M
Sally,F
Salma,F
Salomão,M
Salomão,M
Salome,F
Salomé,F
Salomé,F
Salvador,M
SALVADOR,M
Salvatore,M
Salviano,M
Sálvio,M
Salvio,M
Sálvio,M
Saly,F
Samael,M
Samaira,F
Samanta,F
Samantha,F
Samanu,F
Samara,F
Samarah,F
Samaritana,F
Samaritano,M
Samar,M
Samavia,F
Samba,M
Sambhav,M
Sambridha,M
Sameed,M
Sameep,M
Sameer,M
Sam,F
Sâmia,F
Samicha,F
Samik,M
Samiksha,F
Samily,F
Sami,M
Samip,M
Samira,F
Samir,M
Samiya,F
Sam,M
Samoa,M
Samoil,M
Samori,M
Samreen,F
Samrina,F
Samuel,M
Samyak,M
Samyam,M
Sanae,F
Sanassy,M
Sancha,F
Sancho,M
Sândalo,M
Sandeha,M
Sandra,F
Sandrina,F
Sandro,M
Sandy,F
Saneia,F
Sangatee,F
Sangaththamizh,F
Sania,F
Sanjida,F
Sanoel,M
Sanpreet,F
Sansão,M
Sanskar,M
Sante,M
Santhiago,M
Santiago,I
Santiago,M
Santigo,M
Santo,M
Sanuthi,F
Sanvi,F
Sánya,F
Saori,F
Saoudatou,F
Saphira,F
Sara,F
Sarah,F
Sarai,F
Sarams,M
Saran,F
Sarangvir,M
Saransh,M
Saray,F
Sarayu,F
Sarbesh,M
Sarbin,M
Sardar,M
Sardorjon,M
Sardor,M
Sarigue,M
Sarika,F
Sarina,F
Sarin,M
Sarish,M
Sarmaan,M
Sarolta,F
Saron,M
Sarthak,M
Sasha,F
Sasha,M
Sashi,F
Saskia,F
Satam,F
Satyaki,M
Satyam,M
Sauharda,M
Saúl,M
Saúl,M
Saulo,M
Saurav,M
Savaana,F
Savana,F
Savannah,F
Savlatjon,M
Sayara,F
Sayesha,F
Saymon,M
Sazim,M
Scarlet,F
Scarlett,F
Scarllet,F
Schakir,M
Schayenne,F
Scott,M
Seammy,F
Sean,M
Seán,M
Seara,F
Sebastiana,M
Sebastian,M
Sebastián,M
Sebastiano,M
Sebastião,M
Sebastião,M
Sébastien,M
Sebastien,M
Seco,M
Secuna,M
Secundino,M
Seemoon,F
Seerat,F
Seeratjot,F
Séfora,F
Séfora,F
Segufta,F
Sehajleen,F
Sehajpreet,F
Seima,F
Sejal,F
Selena,F
Selene,F
Selénia,F
Selina,F
Sélio,M
Selma,F
Selton,M
Semen,M
Sena,F
Sendy,F
Senelju,M
Seng,M
Senhorinha,F
Sénia,F
Seni,F
Seomara,F
Seong,F
Seongjune,M
Serafim,M
Séraphin,M
Serena,F
Seren,M
Sérgio,M
Sérgio,M
Sergiu,M
Serhiy,M
Serigne,M
Sesili,F
Sesinando,M
Seth,M
Severina,F
Severo,M
Sevgina,F
Sewani,F
Seydina,M
Seyed,M
Seynabou,F
Shaahan,M
Shabbir,M
Shabih,F
Shaday,M
Shael,F
Shafa,F
Shaha,M
Shahbaz,M
Shahin,M
Shahreen,F
Shahrizoda,F
Shahshenazneet,F
Shaira,F
Shaíza,F
Shakila,F
Shakira,F
Shamilo,M
Shams,M
Shana,F
Shanaya,F
Shan,M
Shannaya,F
Shantel,F
Shantelle,F
Shanti,F
Shanzay,F
Shao,M
Shaquira,F
Shareen,F
Shariya,F
Sharon,F
Sharthak,M
Shaskia,F
Shawn,M
Shayana,F
Shayan,M
Shayanne,F
Shayenne,F
Shayná,F
Shayon,M
Shehar,F
Sheila,F
Sheinizy,F
Shekina,F
Shelzia,F
Sheng,F
Sherley,F
Sheryl,F
Shi,F
Shihan,F
Shimrik,F
Shiqi,F
Shiqi,M
Shireen,F
Shirley,F
Shivakrish,M
Shivam,M
Shivani,F
Shivansh,M
Shiyi,F
Shiyu,F
Shiyu,M
Shodmonjon,M
Shohrat,M
Shreesha,F
Shreesh,M
Shreya,F
Shreyana,F
Shreyan,M
Shridhi,F
Shriyan,M
Shrutik,M
Shu,F
Shuhui,F
Shuiang,M
Shukhrat,M
Shuo,M
Shuraym,M
Shuyi,F
Shyam,M
Shyom,M
Sia,F
Siaka,M
Siana,F
Siandro,M
Sian,F
Sianna,F
Siara,F
Sibelle,F
Sibila,F
Sidaqpreet,M
Siddártha,M
Siddhártha,M
Siddhartha,M
Siddhártha,M
Siddhi,F
Siddh,M
Sidhak,F
Sidnei,M
Sidney,M
Sidónio,M
Siena,F
Sienna,F
Sienna-Joan,F
Si,F
Sijia,F
Sila,M
Silas,M
Silivondela,F
Silke,F
Silmery,F
Silvana,F
Silvéria,F
Silvestre,M
Sílvia,F
Silvia,F
Sílvia,F
Silvie,F
Sílvio,M
Silvio,M
Sílvio,M
Simão,F
Simão,M
Simão,M
Simara,F
Simarpreet,F
Simaura,F
Siméon,M
Simila,F
Simona,F
Simone,F
Simon,M
Simra,F
Simran,F
Simrik,F
Simrit,F
Simy,F
Sinaí,M
Sintra,F
Sintya,F
Siomara,F
Sion,M
Siradio,M
Siradj,M
Sira,F
Siraje,M
Sirisha,F
Sírius,M
Sisa,F
Sisley,M
Sithil,M
Sixto,M
Siyuan,M
Skyeah,F
Skyla,F
Skylar,F
Skyler,M
Skyllen,M
Sky,M
Slaveya,F
Slavi,M
Smahir,F
Smaran,M
Smilin,F
Smily,F
Snezhana,F
Snigdhita,F
Snow,F
Soainy,F
Soan,M
Sofia,F
Sofía,F
Sófia,F
Sofie,F
Sofi,F
Sofiya,F
Sofya,F
Sogyal,M
Sohany,F
Soki,M
Solal,M
Solange,F
Solano,M
Solayra,F
Sole,F
Solene,F
Sol,F
Solikha,F
Solimar,M
Soline,F
Solomia,F
Solomiia,F
Solomiya,F
Solomon,M
Sonam,F
Songxian,M
Sónia,F
Sonia,F
Sónia,F
Sonilda,F
Sonima,F
Sonny,M
Sónya,F
Sophia,F
Sophie,F
Sopnil,M
Soraia,F
Soraia,M
Soraya,F
Sory,F
Soshthe,F
Sotero,M
Soufiane,M
Soyane,F
Spartaki,M
Spartak,M
Spencer,M
Srijan,M
Stacey,F
Stacy,F
Stalone,M
Stanislava,F
Stanislav,M
Stanislawa,F
Stanis,M
Stan,M
Stefane,F
Stefania,F
Stefania-Mioara,F
Stefani,F
Stefaniia,F
Stefan,M
Stefanny,F
Stefano,M
Stefany,F
Steffany,F
Stefka,F
Stela,F
Steling,M
Stella,F
Stelvio,M
Stepan,M
Stepfan,M
Stéphane,F
Stéphane,M
Stéphanie,F
Stephanie,F
Stéphanie,F
Stephan,M
Stephanny,F
Stephany,F
Stéphany,F
Stephen,M
Stevan,M
Stevany,M
Steveandra,F
Steve,M
Steven,M
Steviandro,M
Sthefan,M
Sthéfany,F
Stilton,M
Stiven,M
Story,F
Stoyanka,F
Stuti,F
Suaré,M
Subana,F
Subasna,F
Subhaan,M
Subhani,F
Subhashree,F
Sudev,M
Suéli,F
Sueli,F
Suéli,F
Suellen,F
Suely,F
Suhana,F
Suhveen,F
Sujana,F
Sukeny,F
Sukhdeep,M
Sukhmeet,F
Sukhraj,M
Sulaimane,M
Sulaiman,M
Sulamita,F
Suleimane,M
Suleiman,M
Sulemane,M
Sultan,M
Sumaia,F
Sumayya,F
Summayiah,F
Summer,M
Suncar,F
Sun,M
Sunto,F
Suntu,F
Suphatsara,F
Suprajeet,M
Suprima,F
Suprim,M
Sura,F
Surany,F
Surbani,F
Sureya,F
Suria,F
Suriah,F
Súrianey,F
Suriel,F
Suri,F
Surita,F
Surmukh,M
Surya,F
Suryane,F
Suryanne,F
Sury,F
Sury,M
Suryn,F
Susana,F
Susanna,F
Suse,F
Susete,F
Suvana,F
Suvannah,F
Suvigya,F
Suwela,F
Suzana,F
Suzanne,F
Suzie,F
Suzi,F
Sven,M
Svenya,F
Svetla,F
Svetlana,F
Svetlin,M
Svyatoslav,M
Swami,M
Swana,F
Swayam,M
Swazilene,F
Swikar,M
Swikriti,F
Swornim,M
Syana,F
Syde,M
Syeda,F
Syed,M
Syerr,M
Sylas,M
Sylla,F
Sylvain,M
Synne,F
Syon,M
Syrine,F
Szabrina,F
Szymon,M
Taaj,M
Taarush,M
Tabassom,F
Tabata,F
Tabatha,F
Tabita,F
Taciana,F
Tadeu,M
Tadey,M
Tahiman,M
Tahira,F
Tahir,M
Tahmarah,F
Taiana,F
Tainara,F
Taísa,F
Taísa,F
Taís,F
Taís,F
Taisiea,F
Taisiya,F
Taison,M
Taíssa,F
Taíssa,F
Tajas,M
Tajpreet,F
Tala,F
Taldia,F
Tales,M
Talha,M
Talia,F
Talib,M
Talícia,F
Talina,F
Talita,F
Tallys,M
Tâlyana,F
Tamára,F
Tamara,F
Tamára,F
Tamar,F
Tamás,M
Tamas,M
Tamina,F
Tamirys,F
Tammo,M
Tanatswa,M
Tânia,F
Tânia,F
Tanisha,F
Tannisha,F
Tanok,F
Tanveen,F
Tanveer,F
Tanyi,F
Tapan,M
Tara,F
Taranjit,F
Taras,M
Taráz,M
Tarcío,M
Tárcio,M
Tarcís,M
Tarciso,M
Tareak,M
Tarek,M
Tarik,M
Tarine,F
Társis,M
Tasia,F
Tásia,F
Taskin,M
Tasmia,F
Tatheer,F
Tatiana,F
Tatiano,M
Taviane,F
Tawila,F
Tawseef,M
Tayane,F
Tayanne,F
Tayanni,F
Tayla,F
Tayline,F
Taylor,M
Tayna,F
Tayná,F
Taynara,F
Tayra,F
Tayrone,M
Taysha,F
Tayson,M
Tayssa,F
Taysson,M
Tayyab,M
Tchali,F
Tchaly,M
Tchawi,F
Tcherno,M
Tcherstney,M
Tcheucia,F
Tchimalia,F
Tchissola,F
Tejasvir,M
Telma,F
Telmo,M
Temitayo,M
Temofiy,M
Tempérance,F
Tenging,M
Teng,M
Tenzin,F
Tenzing,M
Teodora,F
Teodor,M
Teodoro,M
Teófilo,M
Teófilo,M
Teo,M
Teotónio,M
Tércio,M
Teresa,F
Teresinha,F
Tereza,F
Terezinha,F
Terry,M
Tesla,F
Tessália,F
Tetyana,F
Teyana,F
Teysir,F
Thacyla,F
Thaiany,F
Thaila,F
Thailine,F
Thailize,F
Thainara,F
Thaísa,F
Thaís,F
Thais,F
Thaís,F
Thaissa,F
Thaíssa,F
Thália,F
Thalia,F
Thalis,M
Thalita,F
Thalles,M
Thalyta,F
Thamara,F
Thamirys,F
Thamyres,F
Thaygo,M
Thayla,F
Thaynara,F
Thayra,F
Thays,F
Thayssa,F
Theardis,M
Théo,M
Theo,M
Théo,M
Thérése,F
Thiago,M
Thiara,F
Thiarley,M
Thierno,M
Thierry,M
Thomas,M
Thomás,M
Thomaz,M
Thomáz,M
Thor,M
Thulio,M
Thyana,F
Thyanne,F
Thyara,F
Thylane,F
Tiago,M
Tiana,F
Tian,F
Tianyu,M
Tianze,M
Tiara,F
Tibério,M
Tibi,M
Ticiana,F
Ticiane,F
Ticiano,M
Tida,F
Tidiane,M
Tiego,M
Tierri,M
Tierry,M
Tiffany,F
Tiguidanke,F
Tilan,M
Tilia,F
Tilson,M
Timea,F
Timeea,F
Timélzia,F
Timeo,M
Timéo,M
Timofei,M
Timotei,M
Timote,M
Timóteo,M
Timóteo,M
Timothée,M
Timur,M
Tina,F
Tinka,F
Tinky,F
Tino,M
Tiphany,F
Tírsia,F
Tita,F
Titi,M
Tito,M
Tizian,M
Tobias,M
Toby,M
Todor,M
Tomasa,F
Tomásia,F
Tomás,M
Tomás,M
Tómas,M
Tomáz,M
Tomaz,M
Tome,M
Tomé,M
Tomé,M
Tomer,M
Tomita,M
Tom,M
Tommaso,M
Tommy,M
Tomomi,F
Tong,F
Tongze,M
Toni,M
Tony,M
Toranj,F
Towfiq,M
Tracy,F
Tranay,M
Travis,M
Trefa,F
Trendafil,M
Triloy,M
Trinity,F
Trisha,F
Tristan,M
Tristão,M
Tropez,F
Tsering,F
Tshayene,F
Tshelika,F
Tshinina,F
Tsvetelin,M
Tuame,M
Tudor,M
Túlia,F
Túlia,F
Túlio,M
Túlipa,F
Tushaar,M
Tuttondele,M
Tuzolana,F
Tvaya,F
Tvisha,F
Tweny,M
Txissola,F
Tyciane,F
Tyler,M
Tymofiy,M
Tyrese,M
Tyron,M
Uami,M
Ucheechi,M
Ugam,M
Ugurcan,M
Uhenia,F
Uhenya,F
Uirso,M
Uju,M
Ulé,F
Uliana,F
Ulisses,M
Ulmira,F
Ululani,F
Uma,F
Umaiza,F
Umar,M
Umaro,F
Umaro,M
Umaru,M
Umme,F
Unis,M
Unuryan,M
Urias,M
Uriel,M
Uriil,M
Uriyanne,F
Ursula,F
Úrsula,F
Urvi,F
Urvika,F
Urwa,F
Usaid,M
Usher,M
Usmane,M
Usman,M
Ussainatu,F
Ustym,M
Ustyna,F
Uta,M
Uxío,M
Uziel,M
Vacilissa,F
Vadeleisy,F
Vadhvansh,M
Vadilsa,F
Vadilson,M
Vaíse,F
Vaishnavi,F
Valcikleny,F
Valdemar,M
Valdemir,M
Valdemiro,M
Valdimira,F
Valdira,F
Valdir,M
Valdo,M
Valentim,M
Valentina,F
Valentine,F
Valentin,M
Valentino,M
Valentyna,F
Valentyn,M
Valéria,F
Valeria,F
Valéria,F
Valério,M
Valeriya,F
Valesca,F
Valeska,F
Vallentina,F
Vallentyna,F
Valnice,F
Valquíria,F
Válter,M
Valter,M
Válter,M
Vanda,F
Vando,M
Vanélssia,F
Vanessa,F
Vânia,F
Vania,F
Vânia,F
Vanica,F
Vanilda,F
Vanilson,M
Vanine,F
Vânio,M
Vanísa,F
Van,M
Vanshdeep,M
Vanshika,F
Vansh,M
Vanusa,F
Vanuza,F
Varatchaya,F
Varsha,F
Varuksha,F
Varun,M
Varvâra,F
Vasco,M
Vasile,M
Vasilisa,F
Vasil,M
Vasyl,M
Veaceslav,M
Vedanshi,F
Vedant,M
Veer,M
Veheta,F
Veid,M
Velina,F
Velisha,F
Velko,M
Venâncio,M
Venceslau,M
Veniamin,M
Ventsislav,M
Ventura,M
Vera,F
Veramin,M
Verginiya,F
Veridiano,M
verónica,F
Verónica,F
Veronica,F
Verónica,F
Veronika,F
Verónika,F
Viaan,M
Vicência,F
Vicente,M
Vicky,F
Victória,F
Victoria,F
Victória,F
Victória,M
Victoriano,M
Victorino,M
Victor,M
Víctor,M
Vida,F
Vidal,M
Vidhi,F
Vigna,F
Vihaan,M
Vikram,M
Viktória,F
Viktoria,F
Viktoriya,F
Viktor,M
Víktor,M
Vilen,M
Vili,M
Vilma,F
Vílmar,M
Vincent,M
Vincenzo,M
Vinícius,M
Vinicius,M
Vinícius,M
Vinildo,M
Vinisha,F
Vinson,M
Viola,F
Violeta,F
Violeta-Maria,F
Virgílio,M
Virgínia,F
Virginia,F
Virgínia,F
Virgínio,M
Virgínio,M
Viriato,M
Virna,F
Vishnuvardan,M
Vishwas,M
Vissolela,F
Visual,M
Vitália,F
Vitalie,M
Vitalina,F
Vitalino,M
Vitaliy,M
Vitas,M
Vítória,F
Vitória,F
Vitoria,F
Vitória,F
Vítória,F
Vitorina,F
Vitorino,M
Vitório,M
vítor,M
Vítor,M
Vitor,M
Vítor,M
Vittoria,F
Vittória,F
Viviana,F
Viviane,F
Vivian,F
Vivianne,F
Vivien,F
Viya,F
Vlada,F
Vladeslav,M
Vladilene,M
Vladimir,M
Vladislava,F
Vladislav,M
Vlad,M
Vladmir,M
Vladson,M
Vladut,M
Vladymyr,M
Vladyslava,F
Vladyslav,M
Vlinder,F
Volodymyr,M
Vriya,F
Vruti,F
Vuk,M
Vyctorya,F
Wade,M
Wadyla,F
Wagner,M
Wahida,F
Wailani,F
Waldemar,M
Walide,M
Walker,M
Wallace,M
Wally,M
Wallyson,M
Walner,M
Walter,M
Wami,M
Wamy,F
Wanderley,M
Wandi,F
Wandy,M
Wania,F
Waqar,M
Wareesha,F
Wasilua,M
Wasley,M
Wassim,M
Wayame,F
Wayami,F
Wayami,M
Wayamy,M
Wayela,F
Wayiza,M
Wayne,M
Webany,M
Weidy,F
Wekene,M
Welder,M
Wellington,M
Wellinton,M
Welnir,M
Wemilly,F
Wendell,M
Wendie,F
Wendi,M
Wendy,F
Wen,F
Wenjin,F
Wen,M
Wenni,F
Wenzhao,M
Wesley,F
Wesley,M
Weslley,M
Wetchari,M
Weza,F
Weziyane,F
Whitney,F
Wiame,F
Wiam,F
Widmilson,M
Wigan,M
Wildisino,M
Wildson,M
Wildy,M
Wilfania,F
Wilfred,M
Wiliana,F
Wiliane,F
Wiliannie,F
Wilker,M
Willciany,F
Willean,M
Willfred,M
William,M
Williana,F
Williandro,M
Williane,F
Willian,M
Willow,F
Willson,M
Willyam,M
Willyane,F
Willyan,M
Wilma,F
Wilmara,F
Wilmar,M
Wilmer,M
Wilon,M
Wilquer,M
Wilsia,F
Wilson,M
Wilta,F
Wilton,M
Wim,M
Winnie,F
Winni,F
Winnye,F
Winter,F
Wiryam,F
Wisdom,M
Witsel,M
Wivendelson,M
Wizana,F
Wochay,M
Wolf,M
Womna,M
Wueza,F
Wyatt,F
Wylliam,M
Wylmer,M
Wylson,M
Wysmara,F
Wyssan,F
Wyter,M
Xavia,F
Xavier,M
Xénia,F
Xénon,M
Xiang,F
Xiaying,F
Xiayu,F
Xica,F
Xi,F
Xila,F
Xiluva,F
Xinduo,F
Xin,F
Xin,M
Xinshan,F
Xinyan,F
Xinyao,F
Xinyi,F
Xinyu,F
XinYu,F
Xiumei,F
Xiyu,F
Xuan,F
Xuantong,F
Xueqi,F
Xujie,M
Yaarnel,M
Yachan,M
Yachne,F
Yacine,F
Yacine,M
Yadira,F
Yaël,F
Ya,F
Yafei,F
Yago,M
Yahan,F
Yahya,M
Yala,M
Yalena,F
Yalissa,F
Ya,M
Yamani,M
Yamato,M
Yameen,M
Yami,F
Yamin,M
Yana,F
Yanai,F
Yancho,M
Yanek,M
Yanessa,F
Yan,F
Yangchen,F
Yang,M
Yanice,F
Yanick,M
Yanic,M
Yani,F
Yani,M
Yanira,F
Yaniris,F
Yanis,M
Yanko,M
Yankshee,F
Yan,M
Yanna,F
Yanne,M
Yannick,M
Yanni,F
Yannik,M
Yanni,M
Yannis,M
Yann,M
Yanran,F
Yansh,M
Yanxi,F
Yaqi,F
Yaqoot,F
Yara,F
Yaresi,F
Yarine,F
Yarong,F
Yaroslava,F
Yaroslav,M
Yaryna,F
Yasaswi,F
Yashika,F
Yashkumar,M
Yashna,F
Yasmim,F
Yasmina,F
Yásmine,F
Yasmine,F
Yasmin,F
Yasmini,F
Yasmira,F
Yasmmyn,F
Yasser,M
Yassine,M
Yassin,M
Yassir,M
Yassmina,F
Yassmin,F
Yassna,F
Yax,M
Yaye,F
Yazmine,F
Yazmin,F
Ycaro,M
Yeda,F
Yêda,F
Yedllin,F
Yehshouha,M
Yelissa,F
Yelizar,M
Yellen,F
Yelyzaveta,F
Yenna,F
Yeomney,F
Yerian,M
Yerik,M
Yesly,F
Yesmine,F
Yesmin,F
Yeve,F
Ygor,M
Yian,F
Yide,M
Yi,F
Yifan,M
Yihang,M
Yihan,M
Yihe,M
Yihui,F
Yijun,M
Yike,F
Yile,F
Yilin,F
Yi,M
Ying,F
Yinuo,M
Yisha,F
Yixun,M
Yiyi,F
Yngrid,F
Yoami,M
Yoana,F
Yoan,M
Yoanna,F
Yoanne,M
Yoann,M
Yoélia,F
Yoenne,F
Yogyadeep,M
Yohami,M
Yohana,F
Yohane,M
Yóhane,M
Yohan,M
Yohanna,F
Yohanne,M
Yohanni,F
Yohanni,M
Yohann,M
Yohrán,M
Yokana,F
Yolanda,F
Yolela,F
Yolely,F
Yolene,F
Yona,F
Yoná,F
Yonara,F
Yori,F
Yoris,M
Yosefe,M
Yoshika,F
Yoshiv,M
Yosmara,F
Yossane,F
Yossef,M
Younes,M
Yousef,M
Yousouf,M
Youssef,M
Yousuf,M
Yowami,M
Yriane,F
Yris,F
Ysaack,M
Ysabella,F
Ysakor,M
Ysys,F
Yuanlei,M
Yuchen,F
Yudi,M
Yue,M
Yueran,M
Yu,F
Yufan,M
Yufei,F
Yug,M
Yuhan,F
Yuhao,M
Yukti,F
Yula,F
Yulia,F
Yulian,M
Yuliano,M
Yuliyan,M
Yu,M
YU,M
Yumi,F
Yuming,M
Yuna,F
Yunes,M
Yun,F
Yunhao,M
Yunilsa,F
Yun,M
Yunna,F
Yunni,F
Yunxiang,M
Yunxi,F
Yunxuan,F
Yunzhi,M
Yuqi,M
Yuran,M
Yuri,M
Yuri-Martin,M
Yuriy,M
Yury,M
Yusandra,F
Yusein,M
Yussuf,M
Yusuf,M
Yuti,F
Yuval,F
Yuvan,M
Yuvraj,M
Yuwei,F
Yuwei,M
Yuxiang,M
Yuxuan,F
Yuxuan,M
Yvana,F
Yvan,M
Yzaque,M
Zabdi,F
Zacaria,M
Zacarias,M
Zachariah,M
Zacharias,M
Zaci,M
Zacky,M
Zael,M
Zafar,M
Zahara,F
Zahary,F
Zahira,F
Zahir,M
Zahraa,F
Zahra,F
Zaida,F
Zaid,M
Zaido,M
Zainab,F
Zainabou,F
Zaïna,F
Zaíne,F
Zaíne,M
Zain,M
Zainy,M
Zaira,F
Zakaria,M
Zakariya,M
Zakhar,M
Zak,M
Zalia,F
Zamara,F
Zamy,F
Zander,M
Zandra,F
Zapryanka,F
Zaqueu,M
Zara,F
Zarina,F
Zarish,F
Zaroon,M
Zarshed,M
Zaura,F
Zawadi,M
Zayan,M
Zayanne,F
Zayid,M
Zaynab,F
Zayna,F
Zayn,M
Zayra,F
Zdravko,M
Zecharias,M
Zeferino,M
Zehan,M
Zeid,M
Zeinaba,F
Zeina,F
Zeinea,F
Zein,M
Zekai,M
Zeke,M
Zelani,M
Zelda,F
Zélia,F
Zélia,F
Zélio,M
Zé,M
Zenaida,F
Zenaide,F
Zengjia,M
Zenilda,F
Zenilson,M
Zenir,M
Zenith,M
Zenna,F
Zerena,F
Zev,M
Zexuan,M
Zhara,F
Zhen,M
Zhibo,M
Zhi,F
Zhi,M
Zhion,M
Zhiqi,F
Zhixuan,F
Zhoé,F
Zia,F
Zichen,M
Zidane,M
Zi,F
Zihao,M
Zilda,F
Zi,M
Zinaida,F
Zinedine,M
Zine,M
Zinga,M
Zion,M
Ziqian,M
Ziran,M
Zirong,M
Zita,F
Zito,M
Ziva,F
Ziyad,M
Ziyang,M
Zjoana,F
Zlata,F
Zniber,M
Zoe,F
Zoé,F
Zoé,F
Zoé,M
Zoé,M
Zoe-Marie,F
Zoey,F
Zoia,F
Zolana,F
Zoleta,F
Zooey,F
Zora,F
Zoya,F
Zulai,F
Zuleica,F
Zulmira,F
Zunairah,F
Zuriel,M
Zuri,F
Zurik,M
Zury,F
Zyad,M
Zyan,M
