1,
10,
108,
11,
12,
13,
14,
14 de Agosto,
15 de Novembro,
1 do Bairro de Casas Economicas de Ramalde,
1º de Dezembro,
2,
209,
24 de Agosto,
25 de Abril,
25 de Julho,
29,
2 do Bairro de Casas Economicas de Ramalde,
3,
31 de Janeiro,
3 de Fevereiro,
3 do Bairro de Casas Economicas de Ramalde,
4,
5,
5 de Outubro,
6,
7,
8,
8 de Setembro,
9,
Aarão de Lacerda,
Abeilard Gomes da Silva,
Abel Salazar,M
Abetos,
Abílio,M
Abílio Cardoso,M
Abraços,
Abraços de Ramalde,
Acácias,
Acácio da Silva Gomes,M
Acácio Lino,M
Académico Futebol Club,
Açores,
Açucenas,
Adelaide Estrada,F
Adelino Amaro da Costa,M
Adolfo Casais Monteiro,M
Adriano Correia de Oliveira,M
Adriano de Paiva,M
Adro,
Adro da Foz,
Afectos,
Afonso Baldaia,M
Afonso de Albuquerque,M
Afonso de Aveiro,M
Afonso de Paiva,M
Afonso Domingues,M
Afonso Henriques,M
Afonso Lopes Vieira,M
Afonso Martins Alho,M
Afonso Pinto de Magalhães,M
Afonso V,M
Afonso Valentim,M
Afrânio Peixoto,
Agostinho da Silva,M
Agostinho de Campos,M
Agostinho de Jesus e Sousa,M
Agostinho José Freire,M
Agostinho Ricca,M
Agra,
Agra de Ramalde,
Agra do Amial,
Agramonte,
A Grinalda,
Águas,
Águas Férreas,
Águas Férreas de Campanhã,
Aguda,
Águeda,
Aires Borges,M
Aires de Gouveia Osório,M
Aires de Ornelas,M
Airosa,
Ajuda,
Álamos,
Albertina de Sousa Paraíso,F
Alberto Aires de Gouveia,M
Alberto Carlos Correia da Silva,M
Alberto de Aguiar,M
Alberto de Macedo,M
Alberto de Oliveira,M
Alberto de Sousa Costa,M
Alberto José Guimarães,M
Alberto Pimentel,M
Alberto Saavedra,M
Alberto Sampaio,M
Alberto Serpa,M
Albino Moreira,M
Albufeira,
Alcácer Ceguér,
Alcaide de Faria,
Alcântara,
Aldas,
Aldeia,
Alecrim,
Alegre,
Alegria,
Aleixo,
Aleixo da Mota,
Alexandre,M
Alexandre Braga,M
Alexandre Fleming,M
Alexandre Herculano,M
Alexandre Sá Pinto,M
Alfageme de Santarém,
Alfândega,
Alfredo Allen,M
Alfredo de Magalhães,M
Alfredo Ferreira Faria,M
Alfredo Keil,M
Alfredo Nunes de Matos,M
Algés,
Aliados,
Aliança,
Alijó,
Aljubarrota,
Almada,
Almas,
Almeida Garrett,
Almeida Valente,
Almoster,
Alto,
Alto da Arrábida,
Alto da Bela,
Alto da Fontinha,
Alto de Vila,
Alto do Mato,
Alto do Viso,
Alvalade,
Álvares Cabral,
Álvaro de Castelões,M
Álvaro Ferreira Alves,M
Álvaro Gomes,M
Álvaro Rodrigues,M
Alves da Veiga,
Alves Redol,
Amadeu Sousa Cardoso,M
Amália Luazes,F
Amândio Galhano,M
Amândio Tavares,M
Amarante,
Amaro,M
Ameixial,
Amélia,F
Amendoeiras,
Américo,M
Américo Gomes,M
Amial,
Amieira,
Amigos do Porto,
Amor de Perdição,
Amorim,
Amorim de Carvalho,
Amparo,
Ana Plácido,F
Anastácia,F
Anastácio Ramos,M
Ancira,
Âncora,
Andorinhas,
André,M
André Álvares de Almada,M
André de Resende,M
Andrezas,
Anémonas,
Ângelo das Neves,M
Ângelo Frondoni,M
Angola,
Aníbal Cunha,M
Anjo,
Anjo da Guarda,
Anjos,
Anselmo Braamcamp,M
Antão,
Antão de Almeida Garrett,
Antas,
Antero Antunes de Albuquerque,M
Antero de Araújo,M
Antero de Figueiredo,M
Antero de Quental,M
Antonino,M
António Aroso,M
António Arroio,M
António Augusto Pinto Félix,M
António Barroso,M
António Bernardino de Almeida,M
António Bessa Leite,M
António Borges,M
António Calém,M
António Cândido,M
António Cardoso,M
António Carneiro,M
António Coelho,M
António Correia da Silva,M
António Coutinho,M
António Cruz,M
António Cupertino de Miranda,M
António das Antas,M
António da Silva Cunha,M
António da Silva Marinho,M
António de Almeida,M
António de Contumil,M
António de Sousa e Silva,M
António de Sousa Macedo,M
António Emílio de Magalhães,M
António Enes,M
António Ferreira Braga,M
António Ferreira Gomes,M
António Galvão,M
António Granjo,M
António José da Costa,M
António José da Silva,M
António José de Almeida,M
António Luís Gomes,M
António Macedo,M
António Maria de Sena,M
António Mariz Carneiro,M
António Meireles,M
António Nicolau D'Almeida,M
António Nobre,M
António Patrício,M
António Pedro,M
António Pinheiro Caldas,M
António Pinto Machado,M
António Ramalho,M
António Ramos de Almeida,M
António Ricca Gonçalves,M
António Saldanha,M
António Salgado Júnior,M
António Sérgio,M
António Soares Pacheco,M
António Vieira,M
Antunes,
Antunes Guimarães,
Aquilino Ribeiro,
Arada,
Arco da Noeda,
Arcos,
Arcos da Ribeira,
Areias,
A Renascença Portuguesa,
Areosa,
Argentina,F
Arístides de Sousa Mendes,
Armando Alves Tavares,M
Armando Campos,M
Armando Cardoso,M
Armando de Castro,M
Armando Laroze Rocha,M
Armando Pimentel,M
Armazéns,
Arménia,
Arménio Losa,
Arnaldo Gama,M
Arnaldo Leite,M
Arouca,
Arpad Szenes,
Arrabalde,
Arrábida,
Arroios,
Arroteia,
Artes,
Artes Gráficas,
Artur Arcos,M
Artur Brás,M
Artur Cupertino de Miranda,M
Artur de Andrade,M
Artur de Paiva,M
Artur de Sousa,M
Artur Loureiro,M
Artur Magalhães Basto,M
Artur Maia Mendes,M
Artur Napoleão,M
Artur Oliveira Valença,M
Artur Santos Silva,M
Arzila,
Asprela,
Asseiceira,
Assis Vaz,M
Associação de Moradores de São Vítor,
Associação Empresarial de Portugal,
Assunção,F
Atafona,
Ateneu Comercial do Porto,
Augusto Gil,M
Augusto Gomes,M
Augusto Lessa,M
Augusto Luso,M
Augusto Nobre,M
Augusto Rosa,M
Aurélia de Sousa,F
Aurélio da Paz dos Reis,M
Aurora,F
Aval de Baixo,
Aval de Cima,
Ave,
Avelar Brotero,
Avelino Ribeiro,M
Avis,
A Voz dos Ridículos,
Avranches,
Azálias,
Azamor,
Azenha,
Azevedo,
Azevedo Coutinho,
Azevedo de Albuquerque,
Azinhaga do Monte,
Azinheiras,
Baça,
Baçal,
Bacelo,
Baião,
Bainharia,
Bairro da Areosa,
Bairro do Bom Retiro,
Bairro do Comércio do Porto,
Bairro do Leal,
Baixo,
Baixo de Pereiró,
Baixo do Souto,
Baleia,
Balsamina,
Baltasar Guedes,M
Baltazar Falcão,M
Banda de Ramalde,
Bandeirinha,
Banhos,
Barata Feyo,
Barbosa de Castro,
Barbosa Du Bocage,
Barredo,
Barrocas,
Barros,
Barros Lima,
Bartolomeu,M
Bartolomeu Dias,M
Bartolomeu Velho,M
Basílio Teles,
Batalha,
Bataria,
Bataria da Vitória,
Begónias,
Beija-Flor,
Bela,F
Bela da Fontinha,F
Bela Vista,F
Belém,
Belomonte,
Belos Ares,
Bem-Me-Queres,
Beneditina,
Benfica,
Benjamim Gouveia,M
Bento,M
Bento Carqueja,M
Bento da Vitória,M
Bento de Jesus Caraça,M
Bento Júnior,M
Berlengas,
Bernarda Ferreira Lacerda,
Bernardim Ribeiro,M
Bernardino Machado,
Bernardo,M
Berta Alves de Sousa,F
Bessa,
Bicalho,
Bica Velha,
Bitarães,
Boa Hora,
Boa Morte,
Boa Nova,
Boa Viagem,
Boavista,
Bóbeda,
Bolama,
Bolhão,
Bolsa,
Bom Jesus,
Bom Retiro,
Bom Sucesso,
Bonfim,
Bonfim Barreiros,
Bonjardim,
Bonjóia,
Bordeaux,
Bouça,
Bouças,
Bouças Ribas,
Bragas,
Brás,
Brás Cubas,
Brasil,
Breiner,
Brito Capelo,
Buçaco,
Bulhão Pato,
Buraco,
Burgães,
Burgal de Baixo,
Burgal de Cima,
Burnay,
Cabinda,
Cadouços,
Calçada,
Caldas Xavier,
Caldeireiros,
Calouste Gulbenkian,
Calvário,
Camarão,
Câmara Pestana,
Câmara Sinval,
Camélias,
Camilo,M
Camilo Pessanha,M
Caminho Novo,
Camões,
Campanhã,
Campeões Europeus Viena 87,
Campinas,
Campinho,
Campo,
Campo 24 de Agosto,
Campo Alegre,
Campo Bello,
Campo de Paiva,
Campo do Rou,
Campo Grande,
Campolide,
Campo Lindo,
Campos,
Campos Monteiro,
Canastreiros,
Candemil,
Cândida Alves,F
Cândida Sá de Albergaria,F
Cândido dos Reis,M
Cantor Zeca Afonso,
Capitães de Abril,
Capuchinhos,
Cardo,
Carlos,M
Carlos Alberto,M
Carlos Alberto Ferreira de Almeida,M
Carlos Amarante,M
Carlos Cal Brandão,M
Carlos Carneiro,M
Carlos da Maia,M
Carlos Dubini,M
Carlos Graça,M
Carlos I,M
Carlos Lima,M
Carlos Malheiro Dias,M
Carlos Passos,M
Carlos Ramos,M
Carlos Teixeira,M
Carmelitas,
Carmo,F
Carnide,
Carolina Michaelis Vasconcelos,F
Carquejeiras,
Carregal,
Carreiras,
Carriçal,
Carrilho Videira,
Carrington da Costa,
Carteado Mena,
Cartes,
Carvalheiras,
Carvalhido,
Carvalho,
Carvalho Araújo,
Carvalho Barbosa,
Carvalhosa,
Casal,
Casal do Pedro,
Cascais,
Casimiro de Azevedo,M
Cassiano Barbosa,M
Cassiano Branco,M
Castelo,M
Castelo da Feira,M
Castelo de Faria,M
Castelo de Guimarães,M
Castelo de Lanhoso,M
Castelo de Numão,M
Castelo de Penedono,M
Castelo do Queijo,M
Castelo Melhor,M
Castelo Rodrigo,M
Castelos,
Castro,
Catarina,F
Cativo,
Cavadas,
Cávado,
Cecília Meireles,F
Cedofeita,
Cedros,
Cegonhas,
Central,
Central da Corujeira,
Central da Parceria,
Central de Francos,
Central do Viso,
Cerca,
Cerco do Porto,
Cerneja,
Cervantes,
César Abbot,M
César das Neves,M
Ceuta,
Chã,
Chaimite,
Chaves de Oliveira,
China,
Choupos,
Ciclames,
Cidade da Beira,
Cidade da Praia,
Cidade das Neves,
Cidade de Bristol,
Cidade de Iena,
Cidade de León,
Cidade de Lisboa,
Cidade de Luanda,
Cidade de Recife,
Cidade de Vigo,
Cidade de Xangai,
Cidade do Mindelo,
Cidade do Porto,
Cidade do Salvador,
Cidade N'Dola,
Cidália Meireles,F
Cidral de Baixo,
Cidral de Cima,
Cima,
Cima de Pereiró,
Cima do Muro,
Cimo de Vila,
Circunvalação,
Ciríaco Cardoso,
Cisnes,
Clara,F
Classes Obreiras,
Cláudio Carneiro,M
Clemente Meneres,
Clérigos,
Clube dos Fenianos,
Clube Fluvial Portuense,
Côa,
Codeçal,
Coelhas,
Coelho Lousada,
Coelho Neto,
Colégio,
Colónia Antero de Quental,
Combatentes da Grande Guerra,
Companhia,
Conceição,F
Condominhas,
Congostas,
Congregados,
Conselho da Europa,
Constituição,
Contumil,
Coolela,
Cooperativa da Zona da Boavista,
Cooperativa do Pego Negro,
Cooperativa do Povo Portuense,
Cordoaria Velha de Lordelo,
Corgo,
Corino de Andrade,
Corpo da Guarda,
Correia da Serra,
Correia de Araújo,
Correia de Barros,
Correia de Sá,
Correia Pinto,
Corte Real,
Cortes,
Corticeira,
Corujeira,
Corujeira de Baixo,
Corvo,
Costa Barreto,
Costa Cabral,
Costa e Almeida,
Costa Júnior,
Costa Nova,
Costibela,
Cotovias,
Coutinho de Azevedo,
Covelo,
Covilhã,
Crasto,
Cravinas,
Cravos,
Crisântemos,
Cristelo,
Cristóvão da Gama,M
Cruz,
Cruzes,
Cruzinho,
Cruz Malpique,
Cruz Vermelha Portuguesa,
Cunha,
Cunha Espinheira,
Cunha Júnior,
Currais,
Curso Silva Monteiro,
Custódio Guimarães,M
Dálias,
Damão,
Dâmaso Carreiro,
Damião de Góis,M
Damião Peres,M
Daniel Constant,M
Daniel Filipe,M
David Magno,M
Delfim Brito Guimarães,M
Delfim Ferreira,M
Delfim Maia,M
Delfim Pereira da Costa,M
Deniz Jacinto,M
Desertas,
Diamantina,F
Diamantino Gomes,M
Dias,M
Dinis,M
Diogo Afonso,M
Diogo Botelho,M
Diogo Brandão,M
Diogo Cão,M
Diogo de Noronha,M
Diogo do Couto,M
Diogo Gomes,M
Diogo Macedo,M
Dionísio,M
Dionísio dos Santos Silva,M
Direita das Campinas,
Direita de Francos,
Direita de Pereiró,
Direita do Viso,
Diu,
Domingos,M
Domingos Alvão,M
Domingos de Azevedo,M
Domingos Machado,M
Domingos Pinho Brandão,M
Domingos Sequeira,M
Dominguez Alvarez,
Dórdio Gomes,
Dores,
Douro,
Doze Casas,
Duarte Barbosa,M
Duarte de Almeida,M
Duarte Leite,M
Duarte Lopes,M
Duarte Pacheco Pereira,M
Duruelo de La Sierra,
Eça de Queirós,
Eduardo Allen,M
Eduardo Brazão,M
Eduardo Santos Silva,M
Eduardo Soares,M
Egas Moniz,M
Eirinhas,
Elaine Sanceau,F
Elísio de Melo,M
Emílio Biel,M
Emílio Peres,M
Encarnação,
Encontro,
Entrecampos,
Entreparedes,
Entrequintas,
Ericeira,
Ernesto Morais,M
Ernesto Veiga de Oliveira,M
Escadas Monte dos Judeus,
Escola,
Escola Normal,
Escolas,
Escolástica,
Escura,
Espinho,
Esposende,
Estação,
Estação de Campanhã,
Estação de Contumil,
Estádio,
Estefânia,F
Esteiro de Campanhã,
Estêvão,M
Estêvão da Gama,M
Estêvão Gomes,M
Estiva,
Estoril,
Estreita de Lóios,
Estrela e Vigorosa Sport,F
Estrelas,
Eugénio da Cunha e Freitas,
Eugénio de Castro,
Exército Libertador,
Ezequiel de Campos,M
Fábrica,
"Fábrica ""A Invencível""",
Fábrica do Bairro da Areosa,
Fábrica Social,
Faia,
Faial,
Falcão,
Faria,
Faria Guimarães,
Farol,
Fátima,F
Felgueiras,
Feliciano de Castilho,M
Felicidade Brown,F
Felizardo de Lima,
Fernandes Costa,
Fernandes Tomás,
Fernando Azeredo Antas,M
Fernando Cabral,M
Fernando de Bulhões,M
Fernando Lopes Graça,M
Fernando Magano,M
Fernando Moreira da Silva,M
Fernando Pessoa,M
Fernão Cardim,M
Fernão de Magalhães,M
Fernão Lopes,M
Fernão Lopes de Castanheda,M
Fernão Mendes Pinto,M
Fernão Vaz Dourado,M
Ferraz,
Ferreira,
Ferreira Borges,
Ferreira Cardoso,
Ferreira da Silva,
Ferreira de Castro,
Ferreira Dias,
Ferreira dos Santos,
Ferreira Lapa,
Ferreira Pinto,
Ferrer Loureiro,
Fez,
Figueira da Foz,
Figueiras,
Figueiroa,
Filipa de Lencastre,F
Filipe Néri,M
Firmeza,
Firmino Pereira,
Flora,F
Flor-de-Lis,
Flor-de-Rosa,
Flores,
Florinha da Abrigada,
Fogo,
Fonseca Cardoso,
Fonseca Soares,
Fontaínhas,
Fonte da Luz,
Fonte da Moura,
Fonte de Cima,
Fonte de Contumil,
Fonte de Massarelos,
Fonte do Outeiro,
Fontes Pereira de Melo,
Fonte Taurina,
Fonte Velha,
Fontinha,
Formiga,
Formosa,
Forno Velho,
Forrester,
França,
Francisco,M
Francisco Barreto,M
Francisco Borges,M
Francisco Carqueja,M
Francisco da Rocha Soares,M
Francisco de Almeida,M
Francisco de Borja,M
Francisco de Sena Esteves,M
Francisco Oliveira Ferreira,M
Francisco Rangel,M
Francisco Sá Carneiro,M
Francisco Sanches,M
Francisco Xavier,M
Francisco Xavier Esteves,M
François Guichard,
Francos,
Frederico Ozanam,M
Frei Gil,
Freire de Andrade,
Freixo,
Funchal,
Furadouro,
Furamontes,
Futebol Clube do Porto,
Gabriel Soares de Sousa,M
Gaivotas,
Galeria de Paris,
Galiza,
Gama Barros,
Garcia de Orta,
Gardénias,
Gaspar Coelho,M
Gaspar Correia,M
Gazeta Literária,
Gerânios,
Gerês,
Germalde,
Gestaçô,
Giestal,
Gil da Costa,M
Gil Eanes,M
Gil Vicente,M
Girassol,
Glicínias,
Glória,F
Goa,M
Godim,
Goelas de Pau,
Gólgota,
Gomes da Costa,
Gomes Eanes de Azurara,
Gomes Freire,
Gomes Leal,
Gomes Teixeira,
Gonçalo,M
Gonçalo Cristóvão,M
Gonçalo Nunes Faria,M
Gonçalo Pires Bandeira,M
Gonçalo Sampaio,M
Gonçalo Velho,M
Gonçalves Coelho,
Gonçalves Zarco,
Gondarém,
Graciosa,
Grândola,
Granja,
Granja de Lordelo,
Grão-Magriço,
Grijó,
Grupo 10 de Maio,
Guadiana,
Guedes de Azevedo,
Guerra Junqueiro,
Guilherme Bonfim Barreiros,M
Guilherme Braga,M
Guilherme Camarinha,M
Guilherme Costa Carvalho,M
Guilherme Dantas,M
Guilherme Gomes Fernandes,M
Guilhermina Suggia,F
Guindais,
Guiné,
Gustavo de Sousa,M
Gustavo Eiffel,M
Heitor Campos Monteiro,M
Heitor Pinto,M
Helder Ribeiro,M
Helena,F
Helena Sá Costa,F
Henrique,M
Henrique Alegria,M
Henrique Alves da Costa,M
Henrique David,M
Henrique de Miranda,M
Henrique de Sousa Reis,M
Henrique Galvão,M
Henrique Lopes de Mendonça,M
Henrique Medina,M
Henrique Moreira,M
Henrique Pousão,M
Heras,
Hernâni Monteiro,M
Hernâni Torres,M
Heróis de Mucaba,
Heróis e Mártires de Angola,
Heroísmo,
Himalaya,
Historiador Robert Smith,
Honório Barreto,
Honório de Lima,
Hora,
Horácio Marçal,M
Hortênsias,
Hugo,M
Hugo Rocha,M
Humberto Delgado,M
Igreja,
Igreja da Areosa,
Igreja de Campanhã,
Igreja de Cedofeita,
Igreja de Nevogilde,
Igreja de Paranhos,
Igreja de Ramalde,
Iise Losa,
Ildefonso,
Ilha Brava,
Ilha do Ferro,
Ilha Terceira,
Ilha Verde,
Ilhéu,
Império,
Inácio Alberto de Sousa,M
Inácio de Azevedo,M
Inácio Gomes,M
Índia,
Ingleses,
Instituto de Cegos S Manuel,
Invicta Filmes,
Irene de Castro,F
Irene Vilar,F
Isabel,F
Isidro,M
Ivo Cruz,M
Jacinto Nunes,M
Jaime Brasil,M
Jaime Cortesão,M
Jaime Rios de Sousa,M
Januário Godinho,M
Japoneiras,
Jasmins,
Jerónimo de Azevedo,M
Jerónimo Mendonça,M
Joana Princesa,F
João,M
João Allen,M
João Andersen,M
João Araújo Correia,M
João Augusto Ribeiro,M
João Baptista Lavanha,M
João Baptista Machado,M
João Bosco,M
João Corregedor da Fonseca,M
João Coutinho,M
João da Foz,M
João das Regras,M
João de Azevedo,M
João de Barros,M
João de Brito,M
João de Castro,M
João de Deus,M
João de Lisboa,M
João de Mascarenhas,M
João de Oliveira Ramos,M
João do Carmo,M
João do Porto,M
João Espregueira Mendes,M
João Fernandes Lopes Neves,M
João Glama,M
João Grave,M
João Guedes,M
João I,M
João II,M
João III,M
João IV,M
João Lúcio Azevedo,M
João Marques Pinto,M
João Martins Branco,M
João Novo,M
João Paulo Freire,M
João Paulo Seara Cardoso,M
João Peculiar,M
João Pedro Ribeiro,M
João Queirós,M
João Ramalho,M
João Roby,M
João Rodrigues Cabrilho,M
João Santos Ferreira,M
João Sá Peixoto,M
João Saraiva,M
Joaquim Alves Teixeira,M
Joaquim António de Aguiar,M
Joaquim Bastos,M
Joaquim Cardoso Vila Nova,M
Joaquim Costa,M
Joaquim de Vasconcelos,M
Joaquim Kopke,M
Joaquim Leitão,M
Joaquim Lopes,M
Joaquim Pires de Lima,M
Joaquim Urbano,M
Joaquim Vitorino Ribeiro,M
John Whitehead,M
Jorge,M
Jorge de Sena,M
Jorge Gigante,M
Jorge Reinel,M
Jorge Viterbo Ferreira,M
Jornal de Notícias,
José,M
José Anchieta,M
José António Marques,M
José Aroso,M
José Augusto de Castro,M
José Augusto Seabra,M
José Brito,M
José da Conceição Sousa,M
José da Mestra,M
José da Silva,M
José da Silva Passos,M
José de Carvalho,M
José de Figueiredo,M
José de Oliveira,M
José Domingues dos Santos,M
José Falcão,M
José Fontana,M
José Fontes Rocha,M
José Gomes Ferreira,M
José Luís Nunes,M
José Maria Pedroto,M
José Marques,M
José Monteiro da Costa,M
José Monteiro Salazar,M
José Moreira da Silva,M
José Pacheco do Monte,M
José Régio,M
José Saraiva,M
José Serra,M
José Teixeira Barreto,M
José Valente,M
Júlio Amaral de Carvalho,M
Júlio Brandão,M
Júlio Dantas,M
Júlio de Brito,M
Júlio de Matos,M
Júlio Dinis,M
Júlio Lourenço Pinto,M
Júlio Ramos,M
Junquilhos,
Justa,F
Justino Teixeira,
La Couture,
Lada,
Lagarteiro,
Lage,
Lamas,
Lameira de Baixo,
Lameira de Cima,
Lapa,
Laranjeiras,
Latino Coelho,
Lázaro,M
Leal,
Leça,
Leonardo Coimbra,M
Leonardo Nunes,M
Leote do Rego,
Levada,
Liberdade,
Liceiras,
Lidador,
Liége,
Lilases,
Lima,
Lima Júnior,
Limpopo,
Lindo Vale,
Linhas de Elvas,
Linhas de Torres,
Lírios,
Lis,F
Lisboa,
Lobão Vital,
Lóios,
Lomba,
Lopo de Almeida,M
Lopo de Carvalho,M
Lopo Soares de Albergaria,M
Loulé,
Loureiro,
Lourenço,M
Lousada,
Lugarinho,
Luís,M
Luís António Verney,M
Luís Braille,M
Luís Cabral,M
Luís Costa,M
Luís Cruz,M
Luís de Aguiar,M
Luís de Almeida,M
Luís de Ataíde,M
Luís Delgado dos Santos,M
Luís de Pina,M
Luís Ferreira,M
Luís Filipe,M
Luís Neves Real,M
Luís Pinto da Fonseca,M
Luís Rodrigues,M
Luís Serrão Pimentel,M
Luís Veiga Leitão,M
Luís Woodhouse,M
Lumiar,
Luz,F
Luzares,
Luzia,F
Luz Soriano,F
Macário,
Macau,
Maceda,
Machado,
Machado Vaz,
Macieiras,
Macieirinha,
Madeira,
Madressilvas,
Mafalda,F
Magalhães Lemos,
Magnólias,
Maia,F
Maio,
Malaca,
Malheiro,
Mamede,M
Manjericos,
Manuel Baganha,M
Manuel Bandeira,M
Manuel Carqueja,M
Manuel da Nóbrega,M
Manuel de Arriaga,M
Manuel Figueiredo,M
Manuel Gonçalves Moreira,M
Manuel Gonçalves Pereira Barros,M
Manuel II,M
Manuel Laranjeira,M
Manuel Marinho,M
Manuel Marques,M
Manuel Monterroso,M
Manuel Nunes,M
Manuel Pacheco de Miranda,M
Manuel Pereira da Silva,M
Manuel Pinheiro da Rocha,M
Manuel Pinto de Azevedo,M
Manuel Pinto de Azevedo Júnior,M
Marão,
Marçal,
Marco de Canaveses,M
Marcos,M
Margaridas,
Maria,M
Maria Adelaide Freitas Gonçalves,M
Maria Borges,M
Maria Droste,M
Maria Irene Leite da Costa,M
Maria Lamas,M
Maria Peregrina de Sousa,M
Maria Pia,M
Marinho,
Mário Bonito,M
Mário Cal Brandão,M
Mário de Vasconcelos e Sá,M
Mário Grilo,M
Marques da Silva,M
Marques de Abreu,M
Marques de Carvalho,M
Marques de Oliveira,M
Marques Marinho,M
Marracuene,
Marta de Penaguião,F
Marta Mesquita da Câmara,F
Marta Sampaio,F
Martim de Freitas,M
Martim Moniz,M
Martinho,M
Martins Sarmento,M
Mártires da Liberdade,
Mártires da Pátria,
Matapan,
Maternidade,
Maternidade Júlio Dinis,
Mateus,M
Matias de Albuquerque,M
Maurício Estêves Pereira Pinto,M
Mazagão,
Mazorra,
Meditação,
Meinedo,
Meiral,
Meixomil,
Melo,
Melo Adrião,
Melo Leote,
Melro,
Mem de Sá,
Mem Verdial,
Mendes Correia,
Mendes da Silva,
Mercado Abastecedor,
Mercadores,
Mercês,F
Miguel,M
Miguel Ângelo,M
Miguel Bombarda,M
Miguel da Silva,M
Miguel de Sousa Guedes,M
Miguel Torga,M
Mimosas,
Miosótis,
Mira,F
Miradouro,
Miraflor,
Miragaia,
Miramar,
Mirante,
Moçambique,
Mocidade da Arrábida,
Moínho de Vento,
Moinhos,
Molhe,
Mompilher,
Monchique,
Mondego,
Monsanto,
Monte,
Monte Alegre,
Monte Aventino,
Montebelo,
Monte Cativo,
Monte da Bela,
Monte da Costa,
Monte da Estação,
Monte da Lapa,
Monte da Luz,
Monte da Pena,
Monte de Campanhã,
Monte de Ramalde,
Monte de São João,
Monte do Bonfim,
Monte dos Burgos,
Monte dos Congregados,
Monte dos Judeus,
Monte Louro,
Monte Pedral,
Montes Claros,
Monte Tadeu,
Montevideu,
Montijo,
Morais Caldas,
Moreda,
Moreira,
Moreira de Assunção,
Moreira de Sá,
Mota Pinto,
Motas,
Mouteira,
Mouzinho da Silveira,
Mouzinho de Albuquerque,
Muro dos Bacalhoeiros,
Murta,
Musas,
Nagasaki,
Nascente da Colónia do Doutor Manuel Laranjeira,
Nascente da Quinta do Almor,
Natália Correia,F
Natária,
Nau Catrineta,
Naulila,F
Nau São Gabriel,
Nau São Rafael,
Nau Trindade,
Nau Vitória,
Navas de Tolosa,
Navegantes,
Nazaré,F
N'Dola,
Neiva,
Nevala,
Nevogilde,
Niassa,
Nicolau,M
Nicolau Coelho,M
Nicolau Marques Guedes,M
Nicolau Monteiro,M
Nicolau Nazoni,M
Nó das Areias,
Noeda,
Nogueiras,
Norte,
Norton de Matos,
Nova Alfândega,
Nova da Corujeira,
Nova da Estação,
Nova das Areias,
Nova de Azevedo,
Nova de Currais,
Nova de São Crispim,
Nova do Covelo,
Nova do Regado,
Nova do Rio,
Nova do Tronco,
Nova do Vale Formoso,
Nova Pinheiro de Campanhã,
Nova Sintra,
Nove de Abril,
Nove de Julho,
Nunes da Ponte,
Nuno Álvares Pereira,M
Nuno Bragança,M
Nuno de Meireles,M
Nuno Pinheiro Torres,M
O Comércio do Porto,
Ofélia Diogo da Costa,F
Olivais,
Oliveira Martins,
Oliveira Monteiro,
Oliveiras,
Oliveira Santos,
Oliveirinhas,
Olivença,
Olmeiros,
O Primeiro de Janeiro,
Orfeão da Foz,
Orfeão do Porto,
Orfeão Universitário do Porto,
Orlando Ribeiro,M
Orquídeas,
Óscar da Silva,M
Ourique,
Ouro,
Outeirinho,
Outeiro,
Outeiro da Ramalde,
Outeiro do Tine,
Pacheco,
Paço,
Paço de Sousa,
Paços de Ferreira,
Padrão,
Paiol,
Paiva Couceiro,
Palácio,
Palheta,
Palmeiras,
Palmela,
Palmira Milheiro,F
Panorâmica Edgar Cardoso,
Papoilas,
Parada Leitão,
Paraíso,
Paraíso da Foz,
Paraíso do Freixo,
Parceria,
Paredes,
Parque,
Particular Borges e Irmão,
Particular da Alta Mira,
Particular das Cruzes,
Particular da Tapada de Santo António,
Particular de Bonjóia,
Particular de Francos,
Particular de Monsanto,
Particular de Santo Isidro,
Particular Diamantina,
Particular dos Ferroviários,
Particular Justino Teixeira,
Particular Maria Albertina,
Particular Meneses Russel,
Particular Nº 1 Castelo do Queijo,
Particular Nº 2 Castelo do Queijo,
Particular Nº 3 Castelo do Queijo,
Particular Novais da Cunha,
Particular Pinheiro Manso,
Passadiço,
Passeio Alegre,
Passos,
Passos Manuel,
Pasteleira,
Património dos Pobres,
Paula Vicente,F
Paulo,M
Paulo da Gama,M
Paulo Dias de Novais,M
Paulo Pombo,M
Paulo Sarmento,M
Paulo Vallada,M
Paz,F
Pedras,
Pedras Salgadas,
Pedra Verde,
Pedregulho,
Pedreira,
Pedro,M
Pedro Augusto Ferreira,M
Pedro de Meneses,M
Pedro de Miragaia,M
Pedro de Sousa,M
Pedro Dias,M
Pedro Escobar,M
Pedro Hispano,M
Pedro Homem de Melo,M
Pedro Inácio Lopes,M
Pedro IV,M
Pedro Ivo,M
Pedro Nunes,M
Pedro Olaio,M
Pedro Pitões,M
Pedro Teixeira,M
Pedro V,M
Pedro Veiga,M
Pedro Vitorino,M
Pego Negro,
Pêgo Negro,
Pelágio,
Pelames,
Pena,
Penafiel,
Pena Ventosa,
Peneda,
Penoucos,
Pereira de Novais,
Pereira Reis,
Pereiras,
Pereiró,
Pero da Covilhã,
Pero de Alenquer,
Pero Vaz de Caminha,
Peso da Régua,
Picaria,
Pico,
Picoto,
Piedade,F
Pinheiro,
Pinheiro de Campanhã,
Pinheiro Grande,
Pinheiro Manso,
Pinheiro Torres de Meireles,
Pinho Leal,
Pintassilgos,
Pinto Bessa,
Pinto Correia,
Pirmin Treku,
Pisca,
Plácido da Costa,
Plátanos,
Poço das Patas,
Poente da Colónia do Doutor Manuel Laranjeira,
Poente da Quinta do Almor,
Poeta,
Pombal,
Pombeiro,
Ponte do Gato,
Ponte Nova,
Porta do Sol,
Porto,
Porto Feliz,
Porto Santo,
Poveiros,
Póvoa,
Póvoa de Varzim,
Praia,
Prazeres,
Preciosa,F
Prelada,
Presa da Agra,
Presa de Contumil,
Presa Velha,
Preto,
Primeira,
Príncipe,
Priorado,
Privada,
Progresso,
Públia Hortênsia,
Quanza,
Quinta,
Quinta Amarela,
Rafael Bordalo Pinheiro,M
Raimundo de Macedo,
Rainúnculos,
Ramada Alta,
Ramadinha,
Ramalde do Meio,
Ramalho Fontes,
Ramalho Ortigão,
Ranha,
Raúl Brandão,M
Raúl Caldevilla,M
Raúl Casimiro,M
Raul Castro,M
Raúl Dória,M
Raúl Peres,M
Rebelo da Costa,
Reboleira,
Recanto,
Redondelo,
Regado,
Regeneração,
Rego Lameiro,
Régulo Magauanha,
Reinaldo Oudinot,M
Relógio,
República,
Requesende,
Resende Dias,
Residêncial do Lima,
Restauração,
Revilão,
Revista A Águia,
Revista O Tripeiro,
Ribeira,
Ribeira Grande,
Ribeira Negra,
Ribeirinho,
Ribeiro,
Ribeiro de Sousa,
Ribeiro Sanches,
Ricardo Jorge,M
Ricardo Severo,M
Rio,M
Rio da Bica,M
Rio da Vila,M
Rio Tinto,M
Rio Torto,M
Rita de Jesus,F
Robert Auzelle,M
Roberto Frias,M
Rocha Martins,
Rocha Peixoto,
Rocha Pereira,
Rodolfo de Abreu,M
Rodolfo de Araújo,M
Rodrigo Álvares,M
Rodrigues de Freitas,M
Rodrigues Lobo,M
Rodrigues Sampaio,M
Rodrigues Semide,M
Rogério Azevedo,M
Rolas,
Roleto,
Roliça,
Roque da Lameira,M
Roriz,
Rosário,F
Rosas,
Rosendo,
Rosmaninho,
Rotary Internacional,
Rovuma,
Rua da Chã,
Ruben A,M
Rui Barbosa,M
Rui de Pina,M
Rui de Serpa Pinto,M
Rui Faleiro,M
Rui Lourenço Távora,M
Ruy Luís Gomes,M
Sá Albergaria,
Sabrosa,
Sacadura Cabral,
Sacramento,
Sá da Bandeira,
Sá de Miranda,
Sado,
Sagres,
Sal,
Salado,
Salazares,
Saldanha,
Salgueiral,
Salgueiro Maia,
Salgueiros,
Salvador,M
Samodães,
Sampaio Bruno,
Sancho II,M
Sande,
Sá Noronha,
Santana,
Santana Dionísio,
Santiago,M
Santo,M
Santos Pousada,
São Cosme,
Sarah Afonso,F
Saraiva de Carvalho,
Sarmento de Beires,
Saudade,
Sé,
Sebastião,M
Sebastião de Resende,M
Sécias,
Segunda,
Seixal,
Senhorinha,F
Sereias,
Serpa Pinto,
Serralves,
Serrubia,
Setúbal,
Severo Portela,M
Sidónio Pais,
Silva,
Silva Monteiro,
Silva Pereira,
Silva Porto,
Silva Ramos,
Silva Tapada,
Silveira,
Soajo,
Soares Correia,
Soares de Passos,
Soares dos Reis,
Sobreiras,
Sobreirinho,
Sobre-o-Douro,
Sobre-O-Douro,
Sociedade Nacional de Fósforos,
Sociedade Protectora dos Animais,
Soeiro Mendes,
Soeiro Pereira Gomes,
Sol,F
Sophia,F
Sousa Ávides,
Sousa Caldas,
Sousa Dias,
Sousa Júnior,
Sousa Pinto,
Sousa Rosa,
Sousa Viterbo,
Souto,
Souto de Contumil,
Sport Comércio e Salgueiros,
Stephen R. Stoer,M
Taipas,
Tâmega,
Tânger,
Tapada de Santo António,
Tareija Vaz de Altaro,
Teatro,
Teixeira de Pascoais,
Teixeira de Vasconcelos,
Teixeira Lopes,
Tejo,
Telheira,
Teodoro Sousa Maldonado,M
Teófilo Seyrig,M
Terceira,
Teresa,F
Terreirinho,
Terreiro,
Tiago de Almeida,M
Tílias,
Timor,
Tirares,
Tirso,
Tito Fontes,M
Tomás Gonzaga,M
Tomás Ribeiro,M
Tomaz Soller,M
Tomé,M
Tomé de Sousa,M
Tomé Pires,M
Toro,
Torreira,
Torrinha,
Trancoso,
Trás,
Travagem,
Trevo,
Trindade,
Trindade Coelho,
Trinitária,
Tristão da Cunha,
Tua,
Tulipas,
Túnel,
Túnel da Ribeira,
Túnel das Antas I,
Túnel das Antas II,
Túnel das Goelas de Pau,
Túnel dos Almadas,
Universo,
Valadim,
Valdevez,
Vale Formoso,
Valongo,
Valpaços,
Valverde,
Vandoma,
Vanzeleres,
Vanzeller,
Vasco da Gama,M
Vasco Lima Couto,M
Vasco Lobeira,M
Vasco Valente,M
Vasques de Mesquita,
Veloso,
Veloso Salgado,
Veludo,
Venezuela,
Vera Cruz,F
Verdades,
Verde,
Veríssimo,
Vermoim,
Vez,
Viana da Mota,
Viana Lima,
Via Sacra,
Vicente,M
Vicente da Soledade e Castro,M
Vicente José de Carvalho,M
Vidago,
Vidal Pinheiro,M
Videiras,
Vieira da Silva,
Vieira Portuense,
Vigorosa,
Vila Cova,
Vila do Conde,
Vila Nova,
Vila Nova de Foz Côa,
Vilar,
Vilarinha,
Vilas Boas,
Vimara Peres,
Vimeiro,
Vimioso,
Violetas,
Virgílio Pereira,M
Virgínia de Moura,F
Viriato,M
Virtudes,
Viso,
Vítor,M
Vitória,F
Vitorino Damásio,M
Vitorino Nemésio,M
Vizela,
Vouga,
Xavier Coutinho,M
Zaire,
Zambeze,
Zêzere,
Zínias,
